Workbook

Sheet Synthèse
A1: Bouches de ventilation – contrôle par rapport au dossier DCE
A2: EHPAD La Bassée · lot 12 CVC · source : CCTP lot 12 + fichier « Débits par local » (débits du dossier)
A4: Réseau | B4: Fonction | C4: Nombre de bouches | D4: Débit des bouches (m³/h) | E4: Raccordées | F4: À raccorder
A5: CTA 1 | B5: Soufflage | C5: =COUNTIFS(Bouches!$B$2:$B$271,A5,Bouches!$C$2:$C$271,B5) -> 28 | D5: =SUMIFS(Bouches!$M$2:$M$271,Bouches!$B$2:$B$271,A5,Bouches!$C$2:$C$271,B5) -> 2520 | E5: =COUNTIFS(Bouches!$B$2:$B$271,A5,Bouches!$C$2:$C$271,B5,Bouches!$Q$2:$Q$271,"oui") -> 28 | F5: =C5-E5 -> 0
A6: CTA 1 | B6: Extraction | C6: =COUNTIFS(Bouches!$B$2:$B$271,A6,Bouches!$C$2:$C$271,B6) -> 28 | D6: =SUMIFS(Bouches!$M$2:$M$271,Bouches!$B$2:$B$271,A6,Bouches!$C$2:$C$271,B6) -> 2520 | E6: =COUNTIFS(Bouches!$B$2:$B$271,A6,Bouches!$C$2:$C$271,B6,Bouches!$Q$2:$Q$271,"oui") -> 28 | F6: =C6-E6 -> 0
A7: CTA 2 | B7: Soufflage | C7: =COUNTIFS(Bouches!$B$2:$B$271,A7,Bouches!$C$2:$C$271,B7) -> 27 | D7: =SUMIFS(Bouches!$M$2:$M$271,Bouches!$B$2:$B$271,A7,Bouches!$C$2:$C$271,B7) -> 2430 | E7: =COUNTIFS(Bouches!$B$2:$B$271,A7,Bouches!$C$2:$C$271,B7,Bouches!$Q$2:$Q$271,"oui") -> 27 | F7: =C7-E7 -> 0
A8: CTA 2 | B8: Extraction | C8: =COUNTIFS(Bouches!$B$2:$B$271,A8,Bouches!$C$2:$C$271,B8) -> 27 | D8: =SUMIFS(Bouches!$M$2:$M$271,Bouches!$B$2:$B$271,A8,Bouches!$C$2:$C$271,B8) -> 2430 | E8: =COUNTIFS(Bouches!$B$2:$B$271,A8,Bouches!$C$2:$C$271,B8,Bouches!$Q$2:$Q$271,"oui") -> 26 | F8: =C8-E8 -> 1
A9: CTA 3 | B9: Soufflage | C9: =COUNTIFS(Bouches!$B$2:$B$271,A9,Bouches!$C$2:$C$271,B9) -> 13 | D9: =SUMIFS(Bouches!$M$2:$M$271,Bouches!$B$2:$B$271,A9,Bouches!$C$2:$C$271,B9) -> 1170 | E9: =COUNTIFS(Bouches!$B$2:$B$271,A9,Bouches!$C$2:$C$271,B9,Bouches!$Q$2:$Q$271,"oui") -> 12 | F9: =C9-E9 -> 1
A10: CTA 3 | B10: Extraction | C10: =COUNTIFS(Bouches!$B$2:$B$271,A10,Bouches!$C$2:$C$271,B10) -> 13 | D10: =SUMIFS(Bouches!$M$2:$M$271,Bouches!$B$2:$B$271,A10,Bouches!$C$2:$C$271,B10) -> 1170 | E10: =COUNTIFS(Bouches!$B$2:$B$271,A10,Bouches!$C$2:$C$271,B10,Bouches!$Q$2:$Q$271,"oui") -> 13 | F10: =C10-E10 -> 0
A11: CTA 4 | B11: Soufflage | C11: =COUNTIFS(Bouches!$B$2:$B$271,A11,Bouches!$C$2:$C$271,B11) -> 13 | D11: =SUMIFS(Bouches!$M$2:$M$271,Bouches!$B$2:$B$271,A11,Bouches!$C$2:$C$271,B11) -> 1170 | E11: =COUNTIFS(Bouches!$B$2:$B$271,A11,Bouches!$C$2:$C$271,B11,Bouches!$Q$2:$Q$271,"oui") -> 13 | F11: =C11-E11 -> 0
A12: CTA 4 | B12: Extraction | C12: =COUNTIFS(Bouches!$B$2:$B$271,A12,Bouches!$C$2:$C$271,B12) -> 13 | D12: =SUMIFS(Bouches!$M$2:$M$271,Bouches!$B$2:$B$271,A12,Bouches!$C$2:$C$271,B12) -> 1170 | E12: =COUNTIFS(Bouches!$B$2:$B$271,A12,Bouches!$C$2:$C$271,B12,Bouches!$Q$2:$Q$271,"oui") -> 12 | F12: =C12-E12 -> 1
A13: CTA 5 | B13: Soufflage | C13: =COUNTIFS(Bouches!$B$2:$B$271,A13,Bouches!$C$2:$C$271,B13) -> 31 | D13: =SUMIFS(Bouches!$M$2:$M$271,Bouches!$B$2:$B$271,A13,Bouches!$C$2:$C$271,B13) -> 6027 | E13: =COUNTIFS(Bouches!$B$2:$B$271,A13,Bouches!$C$2:$C$271,B13,Bouches!$Q$2:$Q$271,"oui") -> 21 | F13: =C13-E13 -> 10
A14: CTA 5 | B14: Reprise | C14: =COUNTIFS(Bouches!$B$2:$B$271,A14,Bouches!$C$2:$C$271,B14) -> 31 | D14: =SUMIFS(Bouches!$M$2:$M$271,Bouches!$B$2:$B$271,A14,Bouches!$C$2:$C$271,B14) -> 6027 | E14: =COUNTIFS(Bouches!$B$2:$B$271,A14,Bouches!$C$2:$C$271,B14,Bouches!$Q$2:$Q$271,"oui") -> 13 | F14: =C14-E14 -> 18
A15: VMC sanitaires | B15: Extraction | C15: =COUNTIFS(Bouches!$B$2:$B$271,A15,Bouches!$C$2:$C$271,B15) -> 46 | D15: =SUMIFS(Bouches!$M$2:$M$271,Bouches!$B$2:$B$271,A15,Bouches!$C$2:$C$271,B15) -> 3090 | E15: =COUNTIFS(Bouches!$B$2:$B$271,A15,Bouches!$C$2:$C$271,B15,Bouches!$Q$2:$Q$271,"oui") -> 46 | F15: =C15-E15 -> 0
A16: Total | C16: =SUM(C5:C15) -> 270 | D16: =SUM(D5:D15) -> 29724 | E16: =SUM(E5:E15) -> 239 | F16: =SUM(F5:F15) -> 31
A18: Locaux ventilés du dossier | D18: =COUNTA('Contrôle DCE'!$A$2:$A$245) -> 244
A19: dont conformes (débit maquette = débit dossier) | D19: =COUNTIF('Contrôle DCE'!$N$2:$N$245,"oui") -> 244
A21: À retenir
A22: • Chaque local ventilé du dossier a ses bouches, au bon débit (onglet « Contrôle DCE »).
A23: • Les modèles suivent le CCTP : GADD F (chambres), ALYZE S (salles de bains et VMC), DCFD-F et DATP (locaux communs).
A24: • Écarts assumés et suite à donner : onglet « Écarts au CCTP » (flexibles, régulateurs, débit CTA 5, grilles de transfert des offices).

Sheet Bouches
A1: Repère | B1: Réseau | C1: Fonction | D1: Niveau | E1: N° local | F1: Local | G1: Pose | H1: Modèle (CCTP) | I1: Produit | J1: Réf. CCTP | K1: Col L (mm) | L1: Col H (mm) | M1: Débit (m³/h) | N1: Section col (m²) | O1: Vitesse au col (m/s) | P1: Vitesse ≤ maxi ? | Q1: Raccordée | R1: Remarque | S1: Clé local
A2: B016 | B2: CTA 1 | C2: Extraction | D2: N00 | E2: HEB01O | F2: sdb | G2: plafond | H2: VIM ALYZE S | I2: Bouche d'extraction autoréglable | J2: CCTP 4.10.6 | K2: 200 | L2: 60 | M2: 90 | N2: =K2*L2/1000000 -> 0.012 | O2: =M2/3600/N2 -> 2.0833333 | P2: =IF(O2<=Hypothèses!$B$3,"oui","NON") -> oui | Q2: oui | S2: L073
A3: B019 | B3: CTA 1 | C3: Extraction | D3: N00 | E3: HEB01C | F3: sdb | G3: plafond | H3: VIM ALYZE S | I3: Bouche d'extraction autoréglable | J3: CCTP 4.10.6 | K3: 200 | L3: 60 | M3: 90 | N3: =K3*L3/1000000 -> 0.012 | O3: =M3/3600/N3 -> 2.0833333 | P3: =IF(O3<=Hypothèses!$B$3,"oui","NON") -> oui | Q3: oui | S3: L060
A4: B023 | B4: CTA 1 | C4: Extraction | D4: N00 | E4: HEB01R | F4: sdb | G4: plafond | H4: VIM ALYZE S | I4: Bouche d'extraction autoréglable | J4: CCTP 4.10.6 | K4: 200 | L4: 60 | M4: 90 | N4: =K4*L4/1000000 -> 0.012 | O4: =M4/3600/N4 -> 2.0833333 | P4: =IF(O4<=Hypothèses!$B$3,"oui","NON") -> oui | Q4: oui | S4: L076
A5: B024 | B5: CTA 1 | C5: Extraction | D5: N00 | E5: HEB01U | F5: sdb | G5: plafond | H5: VIM ALYZE S | I5: Bouche d'extraction autoréglable | J5: CCTP 4.10.6 | K5: 200 | L5: 60 | M5: 90 | N5: =K5*L5/1000000 -> 0.012 | O5: =M5/3600/N5 -> 2.0833333 | P5: =IF(O5<=Hypothèses!$B$3,"oui","NON") -> oui | Q5: oui | S5: L079
A6: B025 | B6: CTA 1 | C6: Extraction | D6: N00 | E6: HEB01W | F6: sdb | G6: plafond | H6: VIM ALYZE S | I6: Bouche d'extraction autoréglable | J6: CCTP 4.10.6 | K6: 200 | L6: 60 | M6: 90 | N6: =K6*L6/1000000 -> 0.012 | O6: =M6/3600/N6 -> 2.0833333 | P6: =IF(O6<=Hypothèses!$B$3,"oui","NON") -> oui | Q6: oui | S6: L081
A7: B037 | B7: CTA 1 | C7: Extraction | D7: N00 | E7: HEB01CC | F7: sdb | G7: plafond | H7: VIM ALYZE S | I7: Bouche d'extraction autoréglable | J7: CCTP 4.10.6 | K7: 200 | L7: 60 | M7: 90 | N7: =K7*L7/1000000 -> 0.012 | O7: =M7/3600/N7 -> 2.0833333 | P7: =IF(O7<=Hypothèses!$B$3,"oui","NON") -> oui | Q7: oui | S7: L061
A8: B038 | B8: CTA 1 | C8: Extraction | D8: N00 | E8: HEB01P | F8: sdb | G8: plafond | H8: VIM ALYZE S | I8: Bouche d'extraction autoréglable | J8: CCTP 4.10.6 | K8: 200 | L8: 60 | M8: 90 | N8: =K8*L8/1000000 -> 0.012 | O8: =M8/3600/N8 -> 2.0833333 | P8: =IF(O8<=Hypothèses!$B$3,"oui","NON") -> oui | Q8: oui | S8: L074
A9: B119 | B9: CTA 1 | C9: Extraction | D9: N00 | E9: HEB01H | F9: sdb | G9: plafond | H9: VIM ALYZE S | I9: Bouche d'extraction autoréglable | J9: CCTP 4.10.6 | K9: 200 | L9: 60 | M9: 90 | N9: =K9*L9/1000000 -> 0.012 | O9: =M9/3600/N9 -> 2.0833333 | P9: =IF(O9<=Hypothèses!$B$3,"oui","NON") -> oui | Q9: oui | S9: L066
A10: B143 | B10: CTA 1 | C10: Extraction | D10: N00 | E10: HEB01K | F10: sdb | G10: plafond | H10: VIM ALYZE S | I10: Bouche d'extraction autoréglable | J10: CCTP 4.10.6 | K10: 200 | L10: 60 | M10: 90 | N10: =K10*L10/1000000 -> 0.012 | O10: =M10/3600/N10 -> 2.0833333 | P10: =IF(O10<=Hypothèses!$B$3,"oui","NON") -> oui | Q10: oui | S10: L069
A11: B150 | B11: CTA 1 | C11: Extraction | D11: N00 | E11: HEB01D | F11: sdb | G11: plafond | H11: VIM ALYZE S | I11: Bouche d'extraction autoréglable | J11: CCTP 4.10.6 | K11: 200 | L11: 60 | M11: 90 | N11: =K11*L11/1000000 -> 0.012 | O11: =M11/3600/N11 -> 2.0833333 | P11: =IF(O11<=Hypothèses!$B$3,"oui","NON") -> oui | Q11: oui | S11: L062
A12: B166 | B12: CTA 1 | C12: Extraction | D12: N00 | E12: HEB01L | F12: sdb | G12: plafond | H12: VIM ALYZE S | I12: Bouche d'extraction autoréglable | J12: CCTP 4.10.6 | K12: 200 | L12: 60 | M12: 90 | N12: =K12*L12/1000000 -> 0.012 | O12: =M12/3600/N12 -> 2.0833333 | P12: =IF(O12<=Hypothèses!$B$3,"oui","NON") -> oui | Q12: oui | S12: L070
A13: B174 | B13: CTA 1 | C13: Extraction | D13: N00 | E13: HEB01F | F13: sdb | G13: plafond | H13: VIM ALYZE S | I13: Bouche d'extraction autoréglable | J13: CCTP 4.10.6 | K13: 200 | L13: 60 | M13: 90 | N13: =K13*L13/1000000 -> 0.012 | O13: =M13/3600/N13 -> 2.0833333 | P13: =IF(O13<=Hypothèses!$B$3,"oui","NON") -> oui | Q13: oui | S13: L064
... A83: B169 | B83: CTA 2 | C83: Extraction | D83: N01 | E83: HEB01YY | F83: sdb | G83: plafond | H83: VIM ALYZE S | I83: Bouche d'extraction autoréglable | J83: CCTP 4.10.6 | K83: 200 | L83: 60 | M83: 90 | N83: =K83*L83/1000000 -> 0.012 | O83: =M83/3600/N83 -> 2.0833333 | P83: =IF(O83<=Hypothèses!$B$3,"oui","NON") -> oui | Q83: oui | S83: L243
A84: B369 | B84: CTA 2 | C84: Extraction | D84: N01 | E84: HEB01WW | F84: sdb | G84: plafond | H84: VIM ALYZE S | I84: Bouche d'extraction autoréglable | J84: CCTP 4.10.6 | K84: 200 | L84: 60 | M84: 90 | N84: =K84*L84/1000000 -> 0.012 | O84: =M84/3600/N84 -> 2.0833333 | P84: =IF(O84<=Hypothèses!$B$3,"oui","NON") -> oui | Q84: non | R84: Antenne trop courte entre deux raccords | S84: L241
A85: B129 | B85: CTA 2 | C85: Soufflage | D85: N00 | E85: HEB01 | F85: ch. bariatrique | G85: mural | H85: VIM GADD F | I85: Grille murale double déflexion + régulateur de débit constant | J85: CCTP 4.10.6 | K85: 200 | L85: 60 | M85: 90 | N85: =K85*L85/1000000 -> 0.012 | O85: =M85/3600/N85 -> 2.0833333 | P85: =IF(O85<=Hypothèses!$B$3,"oui","NON") -> oui | Q85: oui | S85: L020
A86: B132 | B86: CTA 2 | C86: Soufflage | D86: N00 | E86: HEB01 | F86: ch. bariatrique | G86: mural | H86: VIM GADD F | I86: Grille murale double déflexion + régulateur de débit constant | J86: CCTP 4.10.6 | K86: 200 | L86: 60 | M86: 90 | N86: =K86*L86/1000000 -> 0.012 | O86: =M86/3600/N86 -> 2.0833333 | P86: =IF(O86<=Hypothèses!$B$3,"oui","NON") -> oui | Q86: oui | S86: L021
A87: B133 | B87: CTA 2 | C87: Soufflage | D87: N00 | E87: HEB01 | F87: ch. bariatrique | G87: mural | H87: VIM GADD F | I87: Grille murale double déflexion + régulateur de débit constant | J87: CCTP 4.10.6 | K87: 200 | L87: 60 | M87: 90 | N87: =K87*L87/1000000 -> 0.012 | O87: =M87/3600/N87 -> 2.0833333 | P87: =IF(O87<=Hypothèses!$B$3,"oui","NON") -> oui | Q87: oui | S87: L022
A88: B145 | B88: CTA 2 | C88: Soufflage | D88: N00 | E88: HEB01 | F88: ch. bariatrique | G88: mural | H88: VIM GADD F | I88: Grille murale double déflexion + régulateur de débit constant | J88: CCTP 4.10.6 | K88: 200 | L88: 60 | M88: 90 | N88: =K88*L88/1000000 -> 0.012 | O88: =M88/3600/N88 -> 2.0833333 | P88: =IF(O88<=Hypothèses!$B$3,"oui","NON") -> oui | Q88: oui | S88: L019
A89: B066 | B89: CTA 2 | C89: Soufflage | D89: N00 | E89: HEB01 | F89: ch. couple | G89: mural | H89: VIM GADD F | I89: Grille murale double déflexion + régulateur de débit constant | J89: CCTP 4.10.6 | K89: 200 | L89: 60 | M89: 90 | N89: =K89*L89/1000000 -> 0.012 | O89: =M89/3600/N89 -> 2.0833333 | P89: =IF(O89<=Hypothèses!$B$3,"oui","NON") -> oui | Q89: oui | S89: L025
A90: B069 | B90: CTA 2 | C90: Soufflage | D90: N00 | E90: HEB01 | F90: ch. couple | G90: mural | H90: VIM GADD F | I90: Grille murale double déflexion + régulateur de débit constant | J90: CCTP 4.10.6 | K90: 200 | L90: 60 | M90: 90 | N90: =K90*L90/1000000 -> 0.012 | O90: =M90/3600/N90 -> 2.0833333 | P90: =IF(O90<=Hypothèses!$B$3,"oui","NON") -> oui | Q90: oui | S90: L026
A91: B095 | B91: CTA 2 | C91: Soufflage | D91: N00 | E91: HEB01 | F91: ch. couple | G91: mural | H91: VIM GADD F | I91: Grille murale double déflexion + régulateur de débit constant | J91: CCTP 4.10.6 | K91: 200 | L91: 60 | M91: 90 | N91: =K91*L91/1000000 -> 0.012 | O91: =M91/3600/N91 -> 2.0833333 | P91: =IF(O91<=Hypothèses!$B$3,"oui","NON") -> oui | Q91: oui | S91: L027
A92: B103 | B92: CTA 2 | C92: Soufflage | D92: N00 | E92: HEB01 | F92: ch. couple | G92: mural | H92: VIM GADD F | I92: Grille murale double déflexion + régulateur de débit constant | J92: CCTP 4.10.6 | K92: 200 | L92: 60 | M92: 90 | N92: =K92*L92/1000000 -> 0.012 | O92: =M92/3600/N92 -> 2.0833333 | P92: =IF(O92<=Hypothèses!$B$3,"oui","NON") -> oui | Q92: oui | S92: L028
A93: B065 | B93: CTA 2 | C93: Soufflage | D93: N00 | E93: HEB01 | F93: chambre | G93: mural | H93: VIM GADD F | I93: Grille murale double déflexion + régulateur de débit constant | J93: CCTP 4.10.6 | K93: 200 | L93: 60 | M93: 90 | N93: =K93*L93/1000000 -> 0.012 | O93: =M93/3600/N93 -> 2.0833333 | P93: =IF(O93<=Hypothèses!$B$3,"oui","NON") -> oui | Q93: oui | S93: L037
A94: B107 | B94: CTA 2 | C94: Soufflage | D94: N00 | E94: HEB01 | F94: chambre | G94: mural | H94: VIM GADD F | I94: Grille murale double déflexion + régulateur de débit constant | J94: CCTP 4.10.6 | K94: 200 | L94: 60 | M94: 90 | N94: =K94*L94/1000000 -> 0.012 | O94: =M94/3600/N94 -> 2.0833333 | P94: =IF(O94<=Hypothèses!$B$3,"oui","NON") -> oui | Q94: oui | S94: L041
A95: B108 | B95: CTA 2 | C95: Soufflage | D95: N00 | E95: HEB01 | F95: chambre | G95: mural | H95: VIM GADD F | I95: Grille murale double déflexion + régulateur de débit constant | J95: CCTP 4.10.6 | K95: 200 | L95: 60 | M95: 90 | N95: =K95*L95/1000000 -> 0.012 | O95: =M95/3600/N95 -> 2.0833333 | P95: =IF(O95<=Hypothèses!$B$3,"oui","NON") -> oui | Q95: oui | S95: L044
A96: B130 | B96: CTA 2 | C96: Soufflage | D96: N00 | E96: HEB01 | F96: chambre | G96: mural | H96: VIM GADD F | I96: Grille murale double déflexion + régulateur de débit constant | J96: CCTP 4.10.6 | K96: 200 | L96: 60 | M96: 90 | N96: =K96*L96/1000000 -> 0.012 | O96: =M96/3600/N96 -> 2.0833333 | P96: =IF(O96<=Hypothèses!$B$3,"oui","NON") -> oui | Q96: oui | S96: L042
... A136: B391 | B136: CTA 3 | C136: Soufflage | D136: N01 | E136: HEB01 | F136: chambre | G136: mural | H136: VIM GADD F | I136: Grille murale double déflexion + régulateur de débit constant | J136: CCTP 4.10.6 | K136: 200 | L136: 60 | M136: 90 | N136: =K136*L136/1000000 -> 0.012 | O136: =M136/3600/N136 -> 2.0833333 | P136: =IF(O136<=Hypothèses!$B$3,"oui","NON") -> oui | Q136: oui | S136: L124
A137: B398 | B137: CTA 3 | C137: Soufflage | D137: N01 | E137: HEB01 | F137: chambre | G137: mural | H137: VIM GADD F | I137: Grille murale double déflexion + régulateur de débit constant | J137: CCTP 4.10.6 | K137: 200 | L137: 60 | M137: 90 | N137: =K137*L137/1000000 -> 0.012 | O137: =M137/3600/N137 -> 2.0833333 | P137: =IF(O137<=Hypothèses!$B$3,"oui","NON") -> oui | Q137: non | R137: Antenne trop courte entre deux raccords | S137: L138
A138: B322 | B138: CTA 4 | C138: Extraction | D138: N01 | E138: HEB01BBB | F138: sdb | G138: plafond | H138: VIM ALYZE S | I138: Bouche d'extraction autoréglable | J138: CCTP 4.10.6 | K138: 200 | L138: 60 | M138: 90 | N138: =K138*L138/1000000 -> 0.012 | O138: =M138/3600/N138 -> 2.0833333 | P138: =IF(O138<=Hypothèses!$B$3,"oui","NON") -> oui | Q138: oui | S138: L219
A139: B325 | B139: CTA 4 | C139: Extraction | D139: N01 | E139: HEB01KKK | F139: sdb | G139: plafond | H139: VIM ALYZE S | I139: Bouche d'extraction autoréglable | J139: CCTP 4.10.6 | K139: 200 | L139: 60 | M139: 90 | N139: =K139*L139/1000000 -> 0.012 | O139: =M139/3600/N139 -> 2.0833333 | P139: =IF(O139<=Hypothèses!$B$3,"oui","NON") -> oui | Q139: oui | S139: L163
A140: B326 | B140: CTA 4 | C140: Extraction | D140: N01 | E140: HEB01LLL | F140: sdb | G140: plafond | H140: VIM ALYZE S | I140: Bouche d'extraction autoréglable | J140: CCTP 4.10.6 | K140: 200 | L140: 60 | M140: 90 | N140: =K140*L140/1000000 -> 0.012 | O140: =M140/3600/N140 -> 2.0833333 | P140: =IF(O140<=Hypothèses!$B$3,"oui","NON") -> oui | Q140: oui | S140: L164
A141: B327 | B141: CTA 4 | C141: Extraction | D141: N01 | E141: HEB01NNN | F141: sdb | G141: plafond | H141: VIM ALYZE S | I141: Bouche d'extraction autoréglable | J141: CCTP 4.10.6 | K141: 200 | L141: 60 | M141: 90 | N141: =K141*L141/1000000 -> 0.012 | O141: =M141/3600/N141 -> 2.0833333 | P141: =IF(O141<=Hypothèses!$B$3,"oui","NON") -> oui | Q141: oui | S141: L166
A142: B328 | B142: CTA 4 | C142: Extraction | D142: N01 | E142: HEB01OOO | F142: sdb | G142: plafond | H142: VIM ALYZE S | I142: Bouche d'extraction autoréglable | J142: CCTP 4.10.6 | K142: 200 | L142: 60 | M142: 90 | N142: =K142*L142/1000000 -> 0.012 | O142: =M142/3600/N142 -> 2.0833333 | P142: =IF(O142<=Hypothèses!$B$3,"oui","NON") -> oui | Q142: oui | S142: L167
A143: B329 | B143: CTA 4 | C143: Extraction | D143: N01 | E143: HEB01PPP | F143: sdb | G143: plafond | H143: VIM ALYZE S | I143: Bouche d'extraction autoréglable | J143: CCTP 4.10.6 | K143: 200 | L143: 60 | M143: 90 | N143: =K143*L143/1000000 -> 0.012 | O143: =M143/3600/N143 -> 2.0833333 | P143: =IF(O143<=Hypothèses!$B$3,"oui","NON") -> oui | Q143: oui | S143: L168
A144: B331 | B144: CTA 4 | C144: Extraction | D144: N01 | E144: HEB01III | F144: sdb | G144: plafond | H144: VIM ALYZE S | I144: Bouche d'extraction autoréglable | J144: CCTP 4.10.6 | K144: 200 | L144: 60 | M144: 90 | N144: =K144*L144/1000000 -> 0.012 | O144: =M144/3600/N144 -> 2.0833333 | P144: =IF(O144<=Hypothèses!$B$3,"oui","NON") -> oui | Q144: oui | S144: L161
A145: B354 | B145: CTA 4 | C145: Extraction | D145: N01 | E145: HEB01HHH | F145: sdb | G145: plafond | H145: VIM ALYZE S | I145: Bouche d'extraction autoréglable | J145: CCTP 4.10.6 | K145: 200 | L145: 60 | M145: 90 | N145: =K145*L145/1000000 -> 0.012 | O145: =M145/3600/N145 -> 2.0833333 | P145: =IF(O145<=Hypothèses!$B$3,"oui","NON") -> oui | Q145: oui | S145: L160
A146: B363 | B146: CTA 4 | C146: Extraction | D146: N01 | E146: HEB01UUU | F146: sdb | G146: plafond | H146: VIM ALYZE S | I146: Bouche d'extraction autoréglable | J146: CCTP 4.10.6 | K146: 200 | L146: 60 | M146: 90 | N146: =K146*L146/1000000 -> 0.012 | O146: =M146/3600/N146 -> 2.0833333 | P146: =IF(O146<=Hypothèses!$B$3,"oui","NON") -> oui | Q146: oui | S146: L173
A147: B370 | B147: CTA 4 | C147: Extraction | D147: N01 | E147: HEB01JJJ | F147: sdb | G147: plafond | H147: VIM ALYZE S | I147: Bouche d'extraction autoréglable | J147: CCTP 4.10.6 | K147: 200 | L147: 60 | M147: 90 | N147: =K147*L147/1000000 -> 0.012 | O147: =M147/3600/N147 -> 2.0833333 | P147: =IF(O147<=Hypothèses!$B$3,"oui","NON") -> oui | Q147: oui | S147: L162
A148: B374 | B148: CTA 4 | C148: Extraction | D148: N01 | E148: HEB01BBBB | F148: sdb | G148: plafond | H148: VIM ALYZE S | I148: Bouche d'extraction autoréglable | J148: CCTP 4.10.6 | K148: 200 | L148: 60 | M148: 90 | N148: =K148*L148/1000000 -> 0.012 | O148: =M148/3600/N148 -> 2.0833333 | P148: =IF(O148<=Hypothèses!$B$3,"oui","NON") -> oui | Q148: oui | S148: L154
A149: B383 | B149: CTA 4 | C149: Extraction | D149: N01 | E149: HEB01ZZZ | F149: sdb | G149: plafond | H149: VIM ALYZE S | I149: Bouche d'extraction autoréglable | J149: CCTP 4.10.6 | K149: 200 | L149: 60 | M149: 90 | N149: =K149*L149/1000000 -> 0.012 | O149: =M149/3600/N149 -> 2.0833333 | P149: =IF(O149<=Hypothèses!$B$3,"oui","NON") -> oui | Q149: oui | S149: L178
A150: B387 | B150: CTA 4 | C150: Extraction | D150: N01 | E150: HEB01QQQ | F150: sdb | G150: plafond | H150: VIM ALYZE S | I150: Bouche d'extraction autoréglable | J150: CCTP 4.10.6 | K150: 200 | L150: 60 | M150: 90 | N150: =K150*L150/1000000 -> 0.012 | O150: =M150/3600/N150 -> 2.0833333 | P150: =IF(O150<=Hypothèses!$B$3,"oui","NON") -> oui | Q150: non | R150: Les deux gaines du couloir sont trop proches pour passer l'antenne par-dessus ; Antenne trop courte entre deux raccords | S150: L169
A151: B323 | B151: CTA 4 | C151: Soufflage | D151: N01 | E151: HEB01 | F151: chambre | G151: mural | H151: VIM GADD F | I151: Grille murale double déflexion + régulateur de débit constant | J151: CCTP 4.10.6 | K151: 200 | L151: 60 | M151: 90 | N151: =K151*L151/1000000 -> 0.012 | O151: =M151/3600/N151 -> 2.0833333 | P151: =IF(O151<=Hypothèses!$B$3,"oui","NON") -> oui | Q151: oui | S151: L123
A152: B332 | B152: CTA 4 | C152: Soufflage | D152: N01 | E152: HEB01 | F152: chambre | G152: mural | H152: VIM GADD F | I152: Grille murale double déflexion + régulateur de débit constant | J152: CCTP 4.10.6 | K152: 200 | L152: 60 | M152: 90 | N152: =K152*L152/1000000 -> 0.012 | O152: =M152/3600/N152 -> 2.0833333 | P152: =IF(O152<=Hypothèses!$B$3,"oui","NON") -> oui | Q152: oui | S152: L120
A153: B343 | B153: CTA 4 | C153: Soufflage | D153: N01 | E153: HEB01 | F153: chambre | G153: mural | H153: VIM GADD F | I153: Grille murale double déflexion + régulateur de débit constant | J153: CCTP 4.10.6 | K153: 200 | L153: 60 | M153: 90 | N153: =K153*L153/1000000 -> 0.012 | O153: =M153/3600/N153 -> 2.0833333 | P153: =IF(O153<=Hypothèses!$B$3,"oui","NON") -> oui | Q153: oui | S153: L139
A154: B358 | B154: CTA 4 | C154: Soufflage | D154: N01 | E154: HEB01 | F154: chambre | G154: mural | H154: VIM GADD F | I154: Grille murale double déflexion + régulateur de débit constant | J154: CCTP 4.10.6 | K154: 200 | L154: 60 | M154: 90 | N154: =K154*L154/1000000 -> 0.012 | O154: =M154/3600/N154 -> 2.0833333 | P154: =IF(O154<=Hypothèses!$B$3,"oui","NON") -> oui | Q154: oui | S154: L128
A155: B359 | B155: CTA 4 | C155: Soufflage | D155: N01 | E155: HEB01 | F155: chambre | G155: mural | H155: VIM GADD F | I155: Grille murale double déflexion + régulateur de débit constant | J155: CCTP 4.10.6 | K155: 200 | L155: 60 | M155: 90 | N155: =K155*L155/1000000 -> 0.012 | O155: =M155/3600/N155 -> 2.0833333 | P155: =IF(O155<=Hypothèses!$B$3,"oui","NON") -> oui | Q155: oui | S155: L129
A156: B360 | B156: CTA 4 | C156: Soufflage | D156: N01 | E156: HEB01 | F156: chambre | G156: mural | H156: VIM GADD F | I156: Grille murale double déflexion + régulateur de débit constant | J156: CCTP 4.10.6 | K156: 200 | L156: 60 | M156: 90 | N156: =K156*L156/1000000 -> 0.012 | O156: =M156/3600/N156 -> 2.0833333 | P156: =IF(O156<=Hypothèses!$B$3,"oui","NON") -> oui | Q156: oui | S156: L130
A157: B361 | B157: CTA 4 | C157: Soufflage | D157: N01 | E157: HEB01 | F157: chambre | G157: mural | H157: VIM GADD F | I157: Grille murale double déflexion + régulateur de débit constant | J157: CCTP 4.10.6 | K157: 200 | L157: 60 | M157: 90 | N157: =K157*L157/1000000 -> 0.012 | O157: =M157/3600/N157 -> 2.0833333 | P157: =IF(O157<=Hypothèses!$B$3,"oui","NON") -> oui | Q157: oui | S157: L131
A158: B362 | B158: CTA 4 | C158: Soufflage | D158: N01 | E158: HEB01 | F158: chambre | G158: mural | H158: VIM GADD F | I158: Grille murale double déflexion + régulateur de débit constant | J158: CCTP 4.10.6 | K158: 200 | L158: 60 | M158: 90 | N158: =K158*L158/1000000 -> 0.012 | O158: =M158/3600/N158 -> 2.0833333 | P158: =IF(O158<=Hypothèses!$B$3,"oui","NON") -> oui | Q158: oui | S158: L133
A159: B364 | B159: CTA 4 | C159: Soufflage | D159: N01 | E159: HEB01 | F159: chambre | G159: mural | H159: VIM GADD F | I159: Grille murale double déflexion + régulateur de débit constant | J159: CCTP 4.10.6 | K159: 200 | L159: 60 | M159: 90 | N159: =K159*L159/1000000 -> 0.012 | O159: =M159/3600/N159 -> 2.0833333 | P159: =IF(O159<=Hypothèses!$B$3,"oui","NON") -> oui | Q159: oui | S159: L135
A160: B368 | B160: CTA 4 | C160: Soufflage | D160: N01 | E160: HEB01 | F160: chambre | G160: mural | H160: VIM GADD F | I160: Grille murale double déflexion + régulateur de débit constant | J160: CCTP 4.10.6 | K160: 200 | L160: 60 | M160: 90 | N160: =K160*L160/1000000 -> 0.012 | O160: =M160/3600/N160 -> 2.0833333 | P160: =IF(O160<=Hypothèses!$B$3,"oui","NON") -> oui | Q160: oui | S160: L119
A161: B375 | B161: CTA 4 | C161: Soufflage | D161: N01 | E161: HEB01 | F161: chambre | G161: mural | H161: VIM GADD F | I161: Grille murale double déflexion + régulateur de débit constant | J161: CCTP 4.10.6 | K161: 200 | L161: 60 | M161: 90 | N161: =K161*L161/1000000 -> 0.012 | O161: =M161/3600/N161 -> 2.0833333 | P161: =IF(O161<=Hypothèses!$B$3,"oui","NON") -> oui | Q161: oui | S161: L118
A162: B376 | B162: CTA 4 | C162: Soufflage | D162: N01 | E162: HEB01 | F162: chambre | G162: mural | H162: VIM GADD F | I162: Grille murale double déflexion + régulateur de débit constant | J162: CCTP 4.10.6 | K162: 200 | L162: 60 | M162: 90 | N162: =K162*L162/1000000 -> 0.012 | O162: =M162/3600/N162 -> 2.0833333 | P162: =IF(O162<=Hypothèses!$B$3,"oui","NON") -> oui | Q162: oui | S162: L122
A163: B385 | B163: CTA 4 | C163: Soufflage | D163: N01 | E163: HEB01 | F163: chambre | G163: mural | H163: VIM GADD F | I163: Grille murale double déflexion + régulateur de débit constant | J163: CCTP 4.10.6 | K163: 200 | L163: 60 | M163: 90 | N163: =K163*L163/1000000 -> 0.012 | O163: =M163/3600/N163 -> 2.0833333 | P163: =IF(O163<=Hypothèses!$B$3,"oui","NON") -> oui | Q163: oui | S163: L195
A164: B355 | B164: CTA 5 | C164: Reprise | D164: N00 | E164: BUR02 | F164: accueil | G164: plafond | H164: VIM DATP | I164: Grille de reprise à quadrillage fixe | J164: CCTP 4.11.8 | K164: 200 | L164: 60 | M164: 50 | N164: =K164*L164/1000000 -> 0.012 | O164: =M164/3600/N164 -> 1.1574074 | P164: =IF(O164<=Hypothèses!$B$3,"oui","NON") -> oui | Q164: non | R164: Les deux gaines du couloir sont trop proches pour passer l'antenne par-dessus ; Antenne trop courte entre deux raccords | S164: L086
A165: B381 | B165: CTA 5 | C165: Reprise | D165: N00 | E165: LOG09 | F165: atelier | G165: plafond | H165: VIM DATP | I165: Grille de reprise à quadrillage fixe | J165: CCTP 4.11.8 | K165: 200 | L165: 60 | M165: 90 | N165: =K165*L165/1000000 -> 0.012 | O165: =M165/3600/N165 -> 2.0833333 | P165: =IF(O165<=Hypothèses!$B$3,"oui","NON") -> oui | Q165: oui | S165: L003
A166: B395 | B166: CTA 5 | C166: Reprise | D166: N00 | E166: BUR02A | F166: b. animation | G166: plafond | H166: VIM DATP | I166: Grille de reprise à quadrillage fixe | J166: CCTP 4.11.8 | K166: 200 | L166: 60 | M166: 72 | N166: =K166*L166/1000000 -> 0.012 | O166: =M166/3600/N166 -> 1.6666667 | P166: =IF(O166<=Hypothèses!$B$3,"oui","NON") -> oui | Q166: non | R166: Les deux gaines du couloir sont trop proches pour passer l'antenne par-dessus ; Antenne trop courte entre deux raccords | S166: L104
A167: B301 | B167: CTA 5 | C167: Reprise | D167: N00 | E167: BUR01 | F167: bur. ben. | G167: plafond | H167: VIM DATP | I167: Grille de reprise à quadrillage fixe | J167: CCTP 4.11.8 | K167: 200 | L167: 60 | M167: 75 | N167: =K167*L167/1000000 -> 0.012 | O167: =M167/3600/N167 -> 1.7361111 | P167: =IF(O167<=Hypothèses!$B$3,"oui","NON") -> oui | Q167: non | R167: Piquage à reprendre à la main (raccord de la gaine principale à proximité) | S167: L087
A168: B394 | B168: CTA 5 | C168: Reprise | D168: N00 | E168: BUR01 | F168: bur. cadre | G168: plafond | H168: VIM DATP | I168: Grille de reprise à quadrillage fixe | J168: CCTP 4.11.8 | K168: 200 | L168: 60 | M168: 50 | N168: =K168*L168/1000000 -> 0.012 | O168: =M168/3600/N168 -> 1.1574074 | P168: =IF(O168<=Hypothèses!$B$3,"oui","NON") -> oui | Q168: non | R168: Les deux gaines du couloir sont trop proches pour passer l'antenne par-dessus ; Antenne trop courte entre deux raccords | S168: L088
A169: B315 | B169: CTA 5 | C169: Reprise | D169: N00 | E169: BUR01 | F169: bur. mut. | G169: plafond | H169: VIM DATP | I169: Grille de reprise à quadrillage fixe | J169: CCTP 4.11.8 | K169: 200 | L169: 60 | M169: 50 | N169: =K169*L169/1000000 -> 0.012 | O169: =M169/3600/N169 -> 1.1574074 | P169: =IF(O169<=Hypothèses!$B$3,"oui","NON") -> oui | Q169: oui | S169: L089
A170: B302 | B170: CTA 5 | C170: Reprise | D170: N00 | E170: BUR01 | F170: bur. poly. | G170: plafond | H170: VIM DATP | I170: Grille de reprise à quadrillage fixe | J170: CCTP 4.11.8 | K170: 200 | L170: 60 | M170: 75 | N170: =K170*L170/1000000 -> 0.012 | O170: =M170/3600/N170 -> 1.7361111 | P170: =IF(O170<=Hypothèses!$B$3,"oui","NON") -> oui | Q170: oui | S170: L090
A171: B401 | B171: CTA 5 | C171: Reprise | D171: N00 | E171: VIE06 | F171: coiffure | G171: plafond | H171: VIM DATP | I171: Grille de reprise à quadrillage fixe | J171: CCTP 4.11.8 | K171: 300 | L171: 60 | M171: 126 | N171: =K171*L171/1000000 -> 0.018 | O171: =M171/3600/N171 -> 1.9444444 | P171: =IF(O171<=Hypothèses!$B$3,"oui","NON") -> oui | Q171: non | R171: Antenne à faire : bouche ajoutée pour être conforme au DCE | S171: L105
A172: B303 | B172: CTA 5 | C172: Reprise | D172: N00 | E172: BUR01 | F172: convivialité | G172: plafond | H172: VIM DATP | I172: Grille de reprise à quadrillage fixe | J172: CCTP 4.11.8 | K172: 200 | L172: 60 | M172: 108 | N172: =K172*L172/1000000 -> 0.012 | O172: =M172/3600/N172 -> 2.5 | P172: =IF(O172<=Hypothèses!$B$3,"oui","NON") -> oui | Q172: oui | S172: L092
A173: B330 | B173: CTA 5 | C173: Reprise | D173: N00 | E173: VIE04 | F173: famille | G173: plafond | H173: VIM DATP | I173: Grille de reprise à quadrillage fixe | J173: CCTP 4.11.8 | K173: 450 | L173: 60 | M173: 234 | N173: =K173*L173/1000000 -> 0.027 | O173: =M173/3600/N173 -> 2.4074074 | P173: =IF(O173<=Hypothèses!$B$3,"oui","NON") -> oui | Q173: oui | S173: L106
A174: B396 | B174: CTA 5 | C174: Reprise | D174: N00 | E174: SOI01 | F174: pc ide | G174: plafond | H174: VIM DATP | I174: Grille de reprise à quadrillage fixe | J174: CCTP 4.11.8 | K174: 200 | L174: 60 | M174: 50 | N174: =K174*L174/1000000 -> 0.012 | O174: =M174/3600/N174 -> 1.1574074 | P174: =IF(O174<=Hypothèses!$B$3,"oui","NON") -> oui | Q174: non | R174: Piquage à reprendre à la main (raccord de la gaine principale à proximité) | S174: L096
A175: B392 | B175: CTA 5 | C175: Reprise | D175: N00 | E175: BUR02 | F175: pc médical | G175: plafond | H175: VIM DATP | I175: Grille de reprise à quadrillage fixe | J175: CCTP 4.11.8 | K175: 200 | L175: 60 | M175: 75 | N175: =K175*L175/1000000 -> 0.012 | O175: =M175/3600/N175 -> 1.7361111 | P175: =IF(O175<=Hypothèses!$B$3,"oui","NON") -> oui | Q175: oui | S175: L097
A176: B336 | B176: CTA 5 | C176: Reprise | D176: N00 | E176: SOI02 | F176: prépa. | G176: plafond | H176: VIM DATP | I176: Grille de reprise à quadrillage fixe | J176: CCTP 4.11.8 | K176: 200 | L176: 60 | M176: 75 | N176: =K176*L176/1000000 -> 0.012 | O176: =M176/3600/N176 -> 1.7361111 | P176: =IF(O176<=Hypothèses!$B$3,"oui","NON") -> oui | Q176: oui | S176: L098
A177: B304 | B177: CTA 5 | C177: Reprise | D177: N00 | E177: VIE05 | F177: rééducation | G177: plafond | H177: VIM DATP | I177: Grille de reprise à quadrillage fixe | J177: CCTP 4.11.8 | K177: 450 | L177: 60 | M177: 234 | N177: =K177*L177/1000000 -> 0.027 | O177: =M177/3600/N177 -> 2.4074074 | P177: =IF(O177<=Hypothèses!$B$3,"oui","NON") -> oui | Q177: non | R177: Piquage à reprendre à la main (raccord de la gaine principale à proximité) | S177: L099
A178: B308 | B178: CTA 5 | C178: Reprise | D178: N00 | E178: VIE02 | F178: salle à manger | G178: plafond | H178: VIM DATP | I178: Grille de reprise à quadrillage fixe | J178: CCTP 4.11.8 | K178: 700 | L178: 60 | M178: 355 | N178: =K178*L178/1000000 -> 0.042 | O178: =M178/3600/N178 -> 2.3478836 | P178: =IF(O178<=Hypothèses!$B$3,"oui","NON") -> oui | Q178: non | R178: Les deux gaines du couloir sont trop proches pour passer l'antenne par-dessus ; Antenne trop courte entre deux raccords | S178: L107
A179: B309 | B179: CTA 5 | C179: Reprise | D179: N00 | E179: VIE02 | F179: salle à manger | G179: plafond | H179: VIM DATP | I179: Grille de reprise à quadrillage fixe | J179: CCTP 4.11.8 | K179: 700 | L179: 60 | M179: 355 | N179: =K179*L179/1000000 -> 0.042 | O179: =M179/3600/N179 -> 2.3478836 | P179: =IF(O179<=Hypothèses!$B$3,"oui","NON") -> oui | Q179: non | R179: Les deux gaines du couloir sont trop proches pour passer l'antenne par-dessus ; Antenne trop courte entre deux raccords | S179: L107
A180: B310 | B180: CTA 5 | C180: Reprise | D180: N00 | E180: VIE02 | F180: salle à manger | G180: plafond | H180: VIM DATP | I180: Grille de reprise à quadrillage fixe | J180: CCTP 4.11.8 | K180: 700 | L180: 60 | M180: 355 | N180: =K180*L180/1000000 -> 0.042 | O180: =M180/3600/N180 -> 2.3478836 | P180: =IF(O180<=Hypothèses!$B$3,"oui","NON") -> oui | Q180: non | R180: Les deux gaines du couloir sont trop proches pour passer l'antenne par-dessus ; Antenne trop courte entre deux raccords | S180: L107
A181: B311 | B181: CTA 5 | C181: Reprise | D181: N00 | E181: VIE02 | F181: salle à manger | G181: plafond | H181: VIM DATP | I181: Grille de reprise à quadrillage fixe | J181: CCTP 4.11.8 | K181: 700 | L181: 60 | M181: 355 | N181: =K181*L181/1000000 -> 0.042 | O181: =M181/3600/N181 -> 2.3478836 | P181: =IF(O181<=Hypothèses!$B$3,"oui","NON") -> oui | Q181: non | R181: Piquage à reprendre à la main (raccord de la gaine principale à proximité) | S181: L107
A182: B312 | B182: CTA 5 | C182: Reprise | D182: N00 | E182: VIE02 | F182: salle à manger | G182: plafond | H182: VIM DATP | I182: Grille de reprise à quadrillage fixe | J182: CCTP 4.11.8 | K182: 700 | L182: 60 | M182: 355 | N182: =K182*L182/1000000 -> 0.042 | O182: =M182/3600/N182 -> 2.3478836 | P182: =IF(O182<=Hypothèses!$B$3,"oui","NON") -> oui | Q182: non | R182: Les deux gaines du couloir sont trop proches pour passer l'antenne par-dessus ; Antenne trop courte entre deux raccords | S182: L107
A183: B313 | B183: CTA 5 | C183: Reprise | D183: N00 | E183: VIE02 | F183: salle à manger | G183: plafond | H183: VIM DATP | I183: Grille de reprise à quadrillage fixe | J183: CCTP 4.11.8 | K183: 700 | L183: 60 | M183: 355 | N183: =K183*L183/1000000 -> 0.042 | O183: =M183/3600/N183 -> 2.3478836 | P183: =IF(O183<=Hypothèses!$B$3,"oui","NON") -> oui | Q183: non | R183: Les deux gaines du couloir sont trop proches pour passer l'antenne par-dessus ; Antenne trop courte entre deux raccords | S183: L107
A184: B314 | B184: CTA 5 | C184: Reprise | D184: N00 | E184: VIE02 | F184: salle à manger | G184: plafond | H184: VIM DATP | I184: Grille de reprise à quadrillage fixe | J184: CCTP 4.11.8 | K184: 700 | L184: 60 | M184: 355 | N184: =K184*L184/1000000 -> 0.042 | O184: =M184/3600/N184 -> 2.3478836 | P184: =IF(O184<=Hypothèses!$B$3,"oui","NON") -> oui | Q184: non | R184: Les deux gaines du couloir sont trop proches pour passer l'antenne par-dessus ; Antenne trop courte entre deux raccords | S184: L107
A185: B342 | B185: CTA 5 | C185: Reprise | D185: N00 | E185: SOI03 | F185: soins | G185: plafond | H185: VIM DATP | I185: Grille de reprise à quadrillage fixe | J185: CCTP 4.11.8 | K185: 200 | L185: 60 | M185: 75 | N185: =K185*L185/1000000 -> 0.012 | O185: =M185/3600/N185 -> 1.7361111 | P185: =IF(O185<=Hypothèses!$B$3,"oui","NON") -> oui | Q185: oui | S185: L101
A186: B305 | B186: CTA 5 | C186: Reprise | D186: N00 | E186: SOI05 | F186: transmissions | G186: plafond | H186: VIM DATP | I186: Grille de reprise à quadrillage fixe | J186: CCTP 4.11.8 | K186: 200 | L186: 60 | M186: 100 | N186: =K186*L186/1000000 -> 0.012 | O186: =M186/3600/N186 -> 2.3148148 | P186: =IF(O186<=Hypothèses!$B$3,"oui","NON") -> oui | Q186: oui | S186: L103
A187: B324 | B187: CTA 5 | C187: Reprise | D187: N01 | E187: BUR06 | F187: bureau | G187: plafond | H187: VIM DATP | I187: Grille de reprise à quadrillage fixe | J187: CCTP 4.11.8 | K187: 200 | L187: 60 | M187: 25 | N187: =K187*L187/1000000 -> 0.012 | O187: =M187/3600/N187 -> 0.5787037 | P187: =IF(O187<=Hypothèses!$B$3,"oui","NON") -> oui | Q187: oui | S187: L113
A188: B405 | B188: CTA 5 | C188: Reprise | D188: N01 | E188: DET01 | F188: détente | G188: plafond | H188: VIM DATP | I188: Grille de reprise à quadrillage fixe | J188: CCTP 4.11.8 | K188: 300 | L188: 60 | M188: 108 | N188: =K188*L188/1000000 -> 0.018 | O188: =M188/3600/N188 -> 1.6666667 | P188: =IF(O188<=Hypothèses!$B$3,"oui","NON") -> oui | Q188: non | R188: Antenne à faire : bouche ajoutée pour être conforme au DCE | S188: L207
A189: B402 | B189: CTA 5 | C189: Reprise | D189: N01 | E189: HEB04 | F189: salle à manger | G189: plafond | H189: VIM DATP | I189: Grille de reprise à quadrillage fixe | J189: CCTP 4.11.8 | K189: 450 | L189: 60 | M189: 220 | N189: =K189*L189/1000000 -> 0.027 | O189: =M189/3600/N189 -> 2.2633745 | P189: =IF(O189<=Hypothèses!$B$3,"oui","NON") -> oui | Q189: non | R189: Antenne à faire : bouche ajoutée pour être conforme au DCE | S189: L214
A190: B403 | B190: CTA 5 | C190: Reprise | D190: N01 | E190: HEB04 | F190: salle à manger | G190: plafond | H190: VIM DATP | I190: Grille de reprise à quadrillage fixe | J190: CCTP 4.11.8 | K190: 450 | L190: 60 | M190: 220 | N190: =K190*L190/1000000 -> 0.027 | O190: =M190/3600/N190 -> 2.2633745 | P190: =IF(O190<=Hypothèses!$B$3,"oui","NON") -> oui | Q190: non | R190: Antenne à faire : bouche ajoutée pour être conforme au DCE | S190: L214
A191: B366 | B191: CTA 5 | C191: Reprise | D191: N01 | E191: HEB03 | F191: salle à manger salon | G191: plafond | H191: VIM DATP | I191: Grille de reprise à quadrillage fixe | J191: CCTP 4.11.8 | K191: 700 | L191: 60 | M191: 363 | N191: =K191*L191/1000000 -> 0.042 | O191: =M191/3600/N191 -> 2.4007937 | P191: =IF(O191<=Hypothèses!$B$3,"oui","NON") -> oui | Q191: oui | S191: L147
A192: B367 | B192: CTA 5 | C192: Reprise | D192: N01 | E192: HEB03 | F192: salle à manger salon | G192: plafond | H192: VIM DATP | I192: Grille de reprise à quadrillage fixe | J192: CCTP 4.11.8 | K192: 700 | L192: 60 | M192: 363 | N192: =K192*L192/1000000 -> 0.042 | O192: =M192/3600/N192 -> 2.4007937 | P192: =IF(O192<=Hypothèses!$B$3,"oui","NON") -> oui | Q192: oui | S192: L147
A193: B379 | B193: CTA 5 | C193: Reprise | D193: N01 | E193: HEB03 | F193: salle à manger salon | G193: plafond | H193: VIM DATP | I193: Grille de reprise à quadrillage fixe | J193: CCTP 4.11.8 | K193: 700 | L193: 60 | M193: 352 | N193: =K193*L193/1000000 -> 0.042 | O193: =M193/3600/N193 -> 2.3280423 | P193: =IF(O193<=Hypothèses!$B$3,"oui","NON") -> oui | Q193: non | R193: Antenne trop courte entre deux raccords | S193: L148
A194: B380 | B194: CTA 5 | C194: Reprise | D194: N01 | E194: HEB03 | F194: salle à manger salon | G194: plafond | H194: VIM DATP | I194: Grille de reprise à quadrillage fixe | J194: CCTP 4.11.8 | K194: 700 | L194: 60 | M194: 352 | N194: =K194*L194/1000000 -> 0.042 | O194: =M194/3600/N194 -> 2.3280423 | P194: =IF(O194<=Hypothèses!$B$3,"oui","NON") -> oui | Q194: oui | S194: L148
A195: B058 | B195: CTA 5 | C195: Soufflage | D195: N00 | E195: BUR02 | F195: accueil | G195: plafond | H195: VIM DCFD-F | I195: Diffuseur plafond à jet tourbillonnaire | J195: CCTP 4.11.7 | K195: 200 | L195: 60 | M195: 50 | N195: =K195*L195/1000000 -> 0.012 | O195: =M195/3600/N195 -> 1.1574074 | P195: =IF(O195<=Hypothèses!$B$3,"oui","NON") -> oui | Q195: oui | S195: L086
A196: B386 | B196: CTA 5 | C196: Soufflage | D196: N00 | E196: LOG09 | F196: atelier | G196: plafond | H196: VIM DCFD-F | I196: Diffuseur plafond à jet tourbillonnaire | J196: CCTP 4.11.7 | K196: 200 | L196: 60 | M196: 90 | N196: =K196*L196/1000000 -> 0.012 | O196: =M196/3600/N196 -> 2.0833333 | P196: =IF(O196<=Hypothèses!$B$3,"oui","NON") -> oui | Q196: non | R196: Les deux gaines du couloir sont trop proches pour passer l'antenne par-dessus ; Antenne trop courte entre deux raccords | S196: L003
A197: B090 | B197: CTA 5 | C197: Soufflage | D197: N00 | E197: BUR02A | F197: b. animation | G197: plafond | H197: VIM DCFD-F | I197: Diffuseur plafond à jet tourbillonnaire | J197: CCTP 4.11.7 | K197: 200 | L197: 60 | M197: 72 | N197: =K197*L197/1000000 -> 0.012 | O197: =M197/3600/N197 -> 1.6666667 | P197: =IF(O197<=Hypothèses!$B$3,"oui","NON") -> oui | Q197: oui | S197: L104
A198: B337 | B198: CTA 5 | C198: Soufflage | D198: N00 | E198: BUR01 | F198: bur. ben. | G198: plafond | H198: VIM DCFD-F | I198: Diffuseur plafond à jet tourbillonnaire | J198: CCTP 4.11.7 | K198: 200 | L198: 60 | M198: 75 | N198: =K198*L198/1000000 -> 0.012 | O198: =M198/3600/N198 -> 1.7361111 | P198: =IF(O198<=Hypothèses!$B$3,"oui","NON") -> oui | Q198: oui | S198: L087
A199: B211 | B199: CTA 5 | C199: Soufflage | D199: N00 | E199: BUR01 | F199: bur. cadre | G199: plafond | H199: VIM DCFD-F | I199: Diffuseur plafond à jet tourbillonnaire | J199: CCTP 4.11.7 | K199: 200 | L199: 60 | M199: 50 | N199: =K199*L199/1000000 -> 0.012 | O199: =M199/3600/N199 -> 1.1574074 | P199: =IF(O199<=Hypothèses!$B$3,"oui","NON") -> oui | Q199: oui | S199: L088
A200: B335 | B200: CTA 5 | C200: Soufflage | D200: N00 | E200: BUR01 | F200: bur. mut. | G200: plafond | H200: VIM DCFD-F | I200: Diffuseur plafond à jet tourbillonnaire | J200: CCTP 4.11.7 | K200: 200 | L200: 60 | M200: 50 | N200: =K200*L200/1000000 -> 0.012 | O200: =M200/3600/N200 -> 1.1574074 | P200: =IF(O200<=Hypothèses!$B$3,"oui","NON") -> oui | Q200: non | R200: Antenne trop courte entre deux raccords | S200: L089
A201: B340 | B201: CTA 5 | C201: Soufflage | D201: N00 | E201: BUR01 | F201: bur. poly. | G201: plafond | H201: VIM DCFD-F | I201: Diffuseur plafond à jet tourbillonnaire | J201: CCTP 4.11.7 | K201: 200 | L201: 60 | M201: 75 | N201: =K201*L201/1000000 -> 0.012 | O201: =M201/3600/N201 -> 1.7361111 | P201: =IF(O201<=Hypothèses!$B$3,"oui","NON") -> oui | Q201: oui | S201: L090
A202: B091 | B202: CTA 5 | C202: Soufflage | D202: N00 | E202: VIE06 | F202: coiffure | G202: plafond | H202: VIM DCFD-F | I202: Diffuseur plafond à jet tourbillonnaire | J202: CCTP 4.11.7 | K202: 250 | L202: 60 | M202: 126 | N202: =K202*L202/1000000 -> 0.015 | O202: =M202/3600/N202 -> 2.3333333 | P202: =IF(O202<=Hypothèses!$B$3,"oui","NON") -> oui | Q202: oui | S202: L105
A203: B341 | B203: CTA 5 | C203: Soufflage | D203: N00 | E203: BUR01 | F203: convivialité | G203: plafond | H203: VIM DCFD-F | I203: Diffuseur plafond à jet tourbillonnaire | J203: CCTP 4.11.7 | K203: 200 | L203: 60 | M203: 108 | N203: =K203*L203/1000000 -> 0.012 | O203: =M203/3600/N203 -> 2.5 | P203: =IF(O203<=Hypothèses!$B$3,"oui","NON") -> oui | Q203: oui | S203: L092
A204: B344 | B204: CTA 5 | C204: Soufflage | D204: N00 | E204: VIE04 | F204: famille | G204: plafond | H204: VIM DCFD-F | I204: Diffuseur plafond à jet tourbillonnaire | J204: CCTP 4.11.7 | K204: 450 | L204: 60 | M204: 234 | N204: =K204*L204/1000000 -> 0.027 | O204: =M204/3600/N204 -> 2.4074074 | P204: =IF(O204<=Hypothèses!$B$3,"oui","NON") -> oui | Q204: non | R204: Antenne trop courte entre deux raccords | S204: L106
A205: B209 | B205: CTA 5 | C205: Soufflage | D205: N00 | E205: SOI01 | F205: pc ide | G205: plafond | H205: VIM DCFD-F | I205: Diffuseur plafond à jet tourbillonnaire | J205: CCTP 4.11.7 | K205: 200 | L205: 60 | M205: 50 | N205: =K205*L205/1000000 -> 0.012 | O205: =M205/3600/N205 -> 1.1574074 | P205: =IF(O205<=Hypothèses!$B$3,"oui","NON") -> oui | Q205: oui | S205: L096
A206: B194 | B206: CTA 5 | C206: Soufflage | D206: N00 | E206: BUR02 | F206: pc médical | G206: plafond | H206: VIM DCFD-F | I206: Diffuseur plafond à jet tourbillonnaire | J206: CCTP 4.11.7 | K206: 200 | L206: 60 | M206: 75 | N206: =K206*L206/1000000 -> 0.012 | O206: =M206/3600/N206 -> 1.7361111 | P206: =IF(O206<=Hypothèses!$B$3,"oui","NON") -> oui | Q206: oui | S206: L097
A207: B316 | B207: CTA 5 | C207: Soufflage | D207: N00 | E207: SOI02 | F207: prépa. | G207: plafond | H207: VIM DCFD-F | I207: Diffuseur plafond à jet tourbillonnaire | J207: CCTP 4.11.7 | K207: 200 | L207: 60 | M207: 75 | N207: =K207*L207/1000000 -> 0.012 | O207: =M207/3600/N207 -> 1.7361111 | P207: =IF(O207<=Hypothèses!$B$3,"oui","NON") -> oui | Q207: oui | S207: L098
A208: B338 | B208: CTA 5 | C208: Soufflage | D208: N00 | E208: VIE05 | F208: rééducation | G208: plafond | H208: VIM DCFD-F | I208: Diffuseur plafond à jet tourbillonnaire | J208: CCTP 4.11.7 | K208: 450 | L208: 60 | M208: 234 | N208: =K208*L208/1000000 -> 0.027 | O208: =M208/3600/N208 -> 2.4074074 | P208: =IF(O208<=Hypothèses!$B$3,"oui","NON") -> oui | Q208: oui | S208: L099
...

Sheet Contrôle DCE
A1: Clé local | B1: Niveau | C1: N° local | D1: Local | E1: Type de local | F1: Réseau (dossier) | G1: Soufflage dossier (m³/h) | H1: Extraction dossier (m³/h) | I1: Soufflage maquette (m³/h) | J1: Reprise maquette (m³/h) | K1: Extraction maquette (m³/h) | L1: Nb de bouches | M1: Bouches raccordées | N1: Conforme ? | O1: Remarque | P1: Repères des bouches
A2: L019 | B2: N00 | C2: HEB01 | D2: ch. bariatrique | E2: CHAMBRE | F2: CTA 1-2 Héb. ouvert | G2: 90 | H2: 0 | I2: =SUMIFS(Bouches!$M$2:$M$271,Bouches!$S$2:$S$271,A2,Bouches!$C$2:$C$271,"Soufflage") -> 90 | J2: =SUMIFS(Bouches!$M$2:$M$271,Bouches!$S$2:$S$271,A2,Bouches!$C$2:$C$271,"Reprise") -> 0 | K2: =SUMIFS(Bouches!$M$2:$M$271,Bouches!$S$2:$S$271,A2,Bouches!$C$2:$C$271,"Extraction") -> 0 | L2: 1 | M2: 1 | N2: =IF(AND(OR(G2<Hypothèses!$B$6,ABS(I2-G2)<=2),ABS(K2-H2)<=2),"oui","NON") -> oui | P2: B145
A3: L020 | B3: N00 | C3: HEB01 | D3: ch. bariatrique | E3: CHAMBRE | F3: CTA 1-2 Héb. ouvert | G3: 90 | H3: 0 | I3: =SUMIFS(Bouches!$M$2:$M$271,Bouches!$S$2:$S$271,A3,Bouches!$C$2:$C$271,"Soufflage") -> 90 | J3: =SUMIFS(Bouches!$M$2:$M$271,Bouches!$S$2:$S$271,A3,Bouches!$C$2:$C$271,"Reprise") -> 0 | K3: =SUMIFS(Bouches!$M$2:$M$271,Bouches!$S$2:$S$271,A3,Bouches!$C$2:$C$271,"Extraction") -> 0 | L3: 1 | M3: 1 | N3: =IF(AND(OR(G3<Hypothèses!$B$6,ABS(I3-G3)<=2),ABS(K3-H3)<=2),"oui","NON") -> oui | P3: B129
A4: L021 | B4: N00 | C4: HEB01 | D4: ch. bariatrique | E4: CHAMBRE | F4: CTA 1-2 Héb. ouvert | G4: 90 | H4: 0 | I4: =SUMIFS(Bouches!$M$2:$M$271,Bouches!$S$2:$S$271,A4,Bouches!$C$2:$C$271,"Soufflage") -> 90 | J4: =SUMIFS(Bouches!$M$2:$M$271,Bouches!$S$2:$S$271,A4,Bouches!$C$2:$C$271,"Reprise") -> 0 | K4: =SUMIFS(Bouches!$M$2:$M$271,Bouches!$S$2:$S$271,A4,Bouches!$C$2:$C$271,"Extraction") -> 0 | L4: 1 | M4: 1 | N4: =IF(AND(OR(G4<Hypothèses!$B$6,ABS(I4-G4)<=2),ABS(K4-H4)<=2),"oui","NON") -> oui | P4: B132
A5: L022 | B5: N00 | C5: HEB01 | D5: ch. bariatrique | E5: CHAMBRE | F5: CTA 1-2 Héb. ouvert | G5: 90 | H5: 0 | I5: =SUMIFS(Bouches!$M$2:$M$271,Bouches!$S$2:$S$271,A5,Bouches!$C$2:$C$271,"Soufflage") -> 90 | J5: =SUMIFS(Bouches!$M$2:$M$271,Bouches!$S$2:$S$271,A5,Bouches!$C$2:$C$271,"Reprise") -> 0 | K5: =SUMIFS(Bouches!$M$2:$M$271,Bouches!$S$2:$S$271,A5,Bouches!$C$2:$C$271,"Extraction") -> 0 | L5: 1 | M5: 1 | N5: =IF(AND(OR(G5<Hypothèses!$B$6,ABS(I5-G5)<=2),ABS(K5-H5)<=2),"oui","NON") -> oui | P5: B133
A6: L023 | B6: N00 | C6: HEB01 | D6: ch. couple | E6: CHAMBRE | F6: CTA 1-2 Héb. ouvert | G6: 90 | H6: 0 | I6: =SUMIFS(Bouches!$M$2:$M$271,Bouches!$S$2:$S$271,A6,Bouches!$C$2:$C$271,"Soufflage") -> 90 | J6: =SUMIFS(Bouches!$M$2:$M$271,Bouches!$S$2:$S$271,A6,Bouches!$C$2:$C$271,"Reprise") -> 0 | K6: =SUMIFS(Bouches!$M$2:$M$271,Bouches!$S$2:$S$271,A6,Bouches!$C$2:$C$271,"Extraction") -> 0 | L6: 1 | M6: 1 | N6: =IF(AND(OR(G6<Hypothèses!$B$6,ABS(I6-G6)<=2),ABS(K6-H6)<=2),"oui","NON") -> oui | P6: B181
A7: L024 | B7: N00 | C7: HEB01 | D7: ch. couple | E7: CHAMBRE | F7: CTA 1-2 Héb. ouvert | G7: 90 | H7: 0 | I7: =SUMIFS(Bouches!$M$2:$M$271,Bouches!$S$2:$S$271,A7,Bouches!$C$2:$C$271,"Soufflage") -> 90 | J7: =SUMIFS(Bouches!$M$2:$M$271,Bouches!$S$2:$S$271,A7,Bouches!$C$2:$C$271,"Reprise") -> 0 | K7: =SUMIFS(Bouches!$M$2:$M$271,Bouches!$S$2:$S$271,A7,Bouches!$C$2:$C$271,"Extraction") -> 0 | L7: 1 | M7: 1 | N7: =IF(AND(OR(G7<Hypothèses!$B$6,ABS(I7-G7)<=2),ABS(K7-H7)<=2),"oui","NON") -> oui | P7: B185
A8: L025 | B8: N00 | C8: HEB01 | D8: ch. couple | E8: CHAMBRE | F8: CTA 1-2 Héb. ouvert | G8: 90 | H8: 0 | I8: =SUMIFS(Bouches!$M$2:$M$271,Bouches!$S$2:$S$271,A8,Bouches!$C$2:$C$271,"Soufflage") -> 90 | J8: =SUMIFS(Bouches!$M$2:$M$271,Bouches!$S$2:$S$271,A8,Bouches!$C$2:$C$271,"Reprise") -> 0 | K8: =SUMIFS(Bouches!$M$2:$M$271,Bouches!$S$2:$S$271,A8,Bouches!$C$2:$C$271,"Extraction") -> 0 | L8: 1 | M8: 1 | N8: =IF(AND(OR(G8<Hypothèses!$B$6,ABS(I8-G8)<=2),ABS(K8-H8)<=2),"oui","NON") -> oui | P8: B066
A9: L026 | B9: N00 | C9: HEB01 | D9: ch. couple | E9: CHAMBRE | F9: CTA 1-2 Héb. ouvert | G9: 90 | H9: 0 | I9: =SUMIFS(Bouches!$M$2:$M$271,Bouches!$S$2:$S$271,A9,Bouches!$C$2:$C$271,"Soufflage") -> 90 | J9: =SUMIFS(Bouches!$M$2:$M$271,Bouches!$S$2:$S$271,A9,Bouches!$C$2:$C$271,"Reprise") -> 0 | K9: =SUMIFS(Bouches!$M$2:$M$271,Bouches!$S$2:$S$271,A9,Bouches!$C$2:$C$271,"Extraction") -> 0 | L9: 1 | M9: 1 | N9: =IF(AND(OR(G9<Hypothèses!$B$6,ABS(I9-G9)<=2),ABS(K9-H9)<=2),"oui","NON") -> oui | P9: B069
A10: L027 | B10: N00 | C10: HEB01 | D10: ch. couple | E10: CHAMBRE | F10: CTA 1-2 Héb. ouvert | G10: 90 | H10: 0 | I10: =SUMIFS(Bouches!$M$2:$M$271,Bouches!$S$2:$S$271,A10,Bouches!$C$2:$C$271,"Soufflage") -> 90 | J10: =SUMIFS(Bouches!$M$2:$M$271,Bouches!$S$2:$S$271,A10,Bouches!$C$2:$C$271,"Reprise") -> 0 | K10: =SUMIFS(Bouches!$M$2:$M$271,Bouches!$S$2:$S$271,A10,Bouches!$C$2:$C$271,"Extraction") -> 0 | L10: 1 | M10: 1 | N10: =IF(AND(OR(G10<Hypothèses!$B$6,ABS(I10-G10)<=2),ABS(K10-H10)<=2),"oui","NON") -> oui | P10: B095
A11: L028 | B11: N00 | C11: HEB01 | D11: ch. couple | E11: CHAMBRE | F11: CTA 1-2 Héb. ouvert | G11: 90 | H11: 0 | I11: =SUMIFS(Bouches!$M$2:$M$271,Bouches!$S$2:$S$271,A11,Bouches!$C$2:$C$271,"Soufflage") -> 90 | J11: =SUMIFS(Bouches!$M$2:$M$271,Bouches!$S$2:$S$271,A11,Bouches!$C$2:$C$271,"Reprise") -> 0 | K11: =SUMIFS(Bouches!$M$2:$M$271,Bouches!$S$2:$S$271,A11,Bouches!$C$2:$C$271,"Extraction") -> 0 | L11: 1 | M11: 1 | N11: =IF(AND(OR(G11<Hypothèses!$B$6,ABS(I11-G11)<=2),ABS(K11-H11)<=2),"oui","NON") -> oui | P11: B103
A12: L029 | B12: N00 | C12: HEB01 | D12: chambre | E12: CHAMBRE | F12: CTA 1-2 Héb. ouvert | G12: 90 | H12: 0 | I12: =SUMIFS(Bouches!$M$2:$M$271,Bouches!$S$2:$S$271,A12,Bouches!$C$2:$C$271,"Soufflage") -> 90 | J12: =SUMIFS(Bouches!$M$2:$M$271,Bouches!$S$2:$S$271,A12,Bouches!$C$2:$C$271,"Reprise") -> 0 | K12: =SUMIFS(Bouches!$M$2:$M$271,Bouches!$S$2:$S$271,A12,Bouches!$C$2:$C$271,"Extraction") -> 0 | L12: 1 | M12: 1 | N12: =IF(AND(OR(G12<Hypothèses!$B$6,ABS(I12-G12)<=2),ABS(K12-H12)<=2),"oui","NON") -> oui | P12: B124
A13: L030 | B13: N00 | C13: HEB01 | D13: chambre | E13: CHAMBRE | F13: CTA 1-2 Héb. ouvert | G13: 90 | H13: 0 | I13: =SUMIFS(Bouches!$M$2:$M$271,Bouches!$S$2:$S$271,A13,Bouches!$C$2:$C$271,"Soufflage") -> 90 | J13: =SUMIFS(Bouches!$M$2:$M$271,Bouches!$S$2:$S$271,A13,Bouches!$C$2:$C$271,"Reprise") -> 0 | K13: =SUMIFS(Bouches!$M$2:$M$271,Bouches!$S$2:$S$271,A13,Bouches!$C$2:$C$271,"Extraction") -> 0 | L13: 1 | M13: 1 | N13: =IF(AND(OR(G13<Hypothèses!$B$6,ABS(I13-G13)<=2),ABS(K13-H13)<=2),"oui","NON") -> oui | P13: B060
... A107: L240 | B107: N01 | C107: HEB01VV | D107: sdb | E107: SDB_CH | F107: CTA 1-2 Héb. ouvert | G107: 0 | H107: 90 | I107: =SUMIFS(Bouches!$M$2:$M$271,Bouches!$S$2:$S$271,A107,Bouches!$C$2:$C$271,"Soufflage") -> 0 | J107: =SUMIFS(Bouches!$M$2:$M$271,Bouches!$S$2:$S$271,A107,Bouches!$C$2:$C$271,"Reprise") -> 0 | K107: =SUMIFS(Bouches!$M$2:$M$271,Bouches!$S$2:$S$271,A107,Bouches!$C$2:$C$271,"Extraction") -> 90 | L107: 1 | M107: 1 | N107: =IF(AND(OR(G107<Hypothèses!$B$6,ABS(I107-G107)<=2),ABS(K107-H107)<=2),"oui","NON") -> oui | P107: B182
A108: L241 | B108: N01 | C108: HEB01WW | D108: sdb | E108: SDB_CH | F108: CTA 1-2 Héb. ouvert | G108: 0 | H108: 90 | I108: =SUMIFS(Bouches!$M$2:$M$271,Bouches!$S$2:$S$271,A108,Bouches!$C$2:$C$271,"Soufflage") -> 0 | J108: =SUMIFS(Bouches!$M$2:$M$271,Bouches!$S$2:$S$271,A108,Bouches!$C$2:$C$271,"Reprise") -> 0 | K108: =SUMIFS(Bouches!$M$2:$M$271,Bouches!$S$2:$S$271,A108,Bouches!$C$2:$C$271,"Extraction") -> 90 | L108: 1 | M108: 0 | N108: =IF(AND(OR(G108<Hypothèses!$B$6,ABS(I108-G108)<=2),ABS(K108-H108)<=2),"oui","NON") -> oui | O108: 1 bouche(s) à raccorder | P108: B369
A109: L242 | B109: N01 | C109: HEB01XX | D109: sdb | E109: SDB_CH | F109: CTA 1-2 Héb. ouvert | G109: 0 | H109: 90 | I109: =SUMIFS(Bouches!$M$2:$M$271,Bouches!$S$2:$S$271,A109,Bouches!$C$2:$C$271,"Soufflage") -> 0 | J109: =SUMIFS(Bouches!$M$2:$M$271,Bouches!$S$2:$S$271,A109,Bouches!$C$2:$C$271,"Reprise") -> 0 | K109: =SUMIFS(Bouches!$M$2:$M$271,Bouches!$S$2:$S$271,A109,Bouches!$C$2:$C$271,"Extraction") -> 90 | L109: 1 | M109: 1 | N109: =IF(AND(OR(G109<Hypothèses!$B$6,ABS(I109-G109)<=2),ABS(K109-H109)<=2),"oui","NON") -> oui | P109: B043
A110: L243 | B110: N01 | C110: HEB01YY | D110: sdb | E110: SDB_CH | F110: CTA 1-2 Héb. ouvert | G110: 0 | H110: 90 | I110: =SUMIFS(Bouches!$M$2:$M$271,Bouches!$S$2:$S$271,A110,Bouches!$C$2:$C$271,"Soufflage") -> 0 | J110: =SUMIFS(Bouches!$M$2:$M$271,Bouches!$S$2:$S$271,A110,Bouches!$C$2:$C$271,"Reprise") -> 0 | K110: =SUMIFS(Bouches!$M$2:$M$271,Bouches!$S$2:$S$271,A110,Bouches!$C$2:$C$271,"Extraction") -> 90 | L110: 1 | M110: 1 | N110: =IF(AND(OR(G110<Hypothèses!$B$6,ABS(I110-G110)<=2),ABS(K110-H110)<=2),"oui","NON") -> oui | P110: B169
A111: L244 | B111: N01 | C111: HEB01ZZ | D111: sdb | E111: SDB_CH | F111: CTA 1-2 Héb. ouvert | G111: 0 | H111: 90 | I111: =SUMIFS(Bouches!$M$2:$M$271,Bouches!$S$2:$S$271,A111,Bouches!$C$2:$C$271,"Soufflage") -> 0 | J111: =SUMIFS(Bouches!$M$2:$M$271,Bouches!$S$2:$S$271,A111,Bouches!$C$2:$C$271,"Reprise") -> 0 | K111: =SUMIFS(Bouches!$M$2:$M$271,Bouches!$S$2:$S$271,A111,Bouches!$C$2:$C$271,"Extraction") -> 90 | L111: 1 | M111: 1 | N111: =IF(AND(OR(G111<Hypothèses!$B$6,ABS(I111-G111)<=2),ABS(K111-H111)<=2),"oui","NON") -> oui | P111: B097
A112: L114 | B112: N01 | C112: HEB01 | D112: chambre | E112: CHAMBRE | F112: CTA 3-4 Héb. fermé | G112: 90 | H112: 0 | I112: =SUMIFS(Bouches!$M$2:$M$271,Bouches!$S$2:$S$271,A112,Bouches!$C$2:$C$271,"Soufflage") -> 90 | J112: =SUMIFS(Bouches!$M$2:$M$271,Bouches!$S$2:$S$271,A112,Bouches!$C$2:$C$271,"Reprise") -> 0 | K112: =SUMIFS(Bouches!$M$2:$M$271,Bouches!$S$2:$S$271,A112,Bouches!$C$2:$C$271,"Extraction") -> 0 | L112: 1 | M112: 1 | N112: =IF(AND(OR(G112<Hypothèses!$B$6,ABS(I112-G112)<=2),ABS(K112-H112)<=2),"oui","NON") -> oui | P112: B346
A113: L115 | B113: N01 | C113: HEB01 | D113: chambre | E113: CHAMBRE | F113: CTA 3-4 Héb. fermé | G113: 90 | H113: 0 | I113: =SUMIFS(Bouches!$M$2:$M$271,Bouches!$S$2:$S$271,A113,Bouches!$C$2:$C$271,"Soufflage") -> 90 | J113: =SUMIFS(Bouches!$M$2:$M$271,Bouches!$S$2:$S$271,A113,Bouches!$C$2:$C$271,"Reprise") -> 0 | K113: =SUMIFS(Bouches!$M$2:$M$271,Bouches!$S$2:$S$271,A113,Bouches!$C$2:$C$271,"Extraction") -> 0 | L113: 1 | M113: 1 | N113: =IF(AND(OR(G113<Hypothèses!$B$6,ABS(I113-G113)<=2),ABS(K113-H113)<=2),"oui","NON") -> oui | P113: B365
A114: L116 | B114: N01 | C114: HEB01 | D114: chambre | E114: CHAMBRE | F114: CTA 3-4 Héb. fermé | G114: 90 | H114: 0 | I114: =SUMIFS(Bouches!$M$2:$M$271,Bouches!$S$2:$S$271,A114,Bouches!$C$2:$C$271,"Soufflage") -> 90 | J114: =SUMIFS(Bouches!$M$2:$M$271,Bouches!$S$2:$S$271,A114,Bouches!$C$2:$C$271,"Reprise") -> 0 | K114: =SUMIFS(Bouches!$M$2:$M$271,Bouches!$S$2:$S$271,A114,Bouches!$C$2:$C$271,"Extraction") -> 0 | L114: 1 | M114: 1 | N114: =IF(AND(OR(G114<Hypothèses!$B$6,ABS(I114-G114)<=2),ABS(K114-H114)<=2),"oui","NON") -> oui | P114: B347
A115: L117 | B115: N01 | C115: HEB01 | D115: chambre | E115: CHAMBRE | F115: CTA 3-4 Héb. fermé | G115: 90 | H115: 0 | I115: =SUMIFS(Bouches!$M$2:$M$271,Bouches!$S$2:$S$271,A115,Bouches!$C$2:$C$271,"Soufflage") -> 90 | J115: =SUMIFS(Bouches!$M$2:$M$271,Bouches!$S$2:$S$271,A115,Bouches!$C$2:$C$271,"Reprise") -> 0 | K115: =SUMIFS(Bouches!$M$2:$M$271,Bouches!$S$2:$S$271,A115,Bouches!$C$2:$C$271,"Extraction") -> 0 | L115: 1 | M115: 1 | N115: =IF(AND(OR(G115<Hypothèses!$B$6,ABS(I115-G115)<=2),ABS(K115-H115)<=2),"oui","NON") -> oui | P115: B100
A116: L118 | B116: N01 | C116: HEB01 | D116: chambre | E116: CHAMBRE | F116: CTA 3-4 Héb. fermé | G116: 90 | H116: 0 | I116: =SUMIFS(Bouches!$M$2:$M$271,Bouches!$S$2:$S$271,A116,Bouches!$C$2:$C$271,"Soufflage") -> 90 | J116: =SUMIFS(Bouches!$M$2:$M$271,Bouches!$S$2:$S$271,A116,Bouches!$C$2:$C$271,"Reprise") -> 0 | K116: =SUMIFS(Bouches!$M$2:$M$271,Bouches!$S$2:$S$271,A116,Bouches!$C$2:$C$271,"Extraction") -> 0 | L116: 1 | M116: 1 | N116: =IF(AND(OR(G116<Hypothèses!$B$6,ABS(I116-G116)<=2),ABS(K116-H116)<=2),"oui","NON") -> oui | P116: B375
A117: L119 | B117: N01 | C117: HEB01 | D117: chambre | E117: CHAMBRE | F117: CTA 3-4 Héb. fermé | G117: 90 | H117: 0 | I117: =SUMIFS(Bouches!$M$2:$M$271,Bouches!$S$2:$S$271,A117,Bouches!$C$2:$C$271,"Soufflage") -> 90 | J117: =SUMIFS(Bouches!$M$2:$M$271,Bouches!$S$2:$S$271,A117,Bouches!$C$2:$C$271,"Reprise") -> 0 | K117: =SUMIFS(Bouches!$M$2:$M$271,Bouches!$S$2:$S$271,A117,Bouches!$C$2:$C$271,"Extraction") -> 0 | L117: 1 | M117: 1 | N117: =IF(AND(OR(G117<Hypothèses!$B$6,ABS(I117-G117)<=2),ABS(K117-H117)<=2),"oui","NON") -> oui | P117: B368
A118: L120 | B118: N01 | C118: HEB01 | D118: chambre | E118: CHAMBRE | F118: CTA 3-4 Héb. fermé | G118: 90 | H118: 0 | I118: =SUMIFS(Bouches!$M$2:$M$271,Bouches!$S$2:$S$271,A118,Bouches!$C$2:$C$271,"Soufflage") -> 90 | J118: =SUMIFS(Bouches!$M$2:$M$271,Bouches!$S$2:$S$271,A118,Bouches!$C$2:$C$271,"Reprise") -> 0 | K118: =SUMIFS(Bouches!$M$2:$M$271,Bouches!$S$2:$S$271,A118,Bouches!$C$2:$C$271,"Extraction") -> 0 | L118: 1 | M118: 1 | N118: =IF(AND(OR(G118<Hypothèses!$B$6,ABS(I118-G118)<=2),ABS(K118-H118)<=2),"oui","NON") -> oui | P118: B332
A119: L121 | B119: N01 | C119: HEB01 | D119: chambre | E119: CHAMBRE | F119: CTA 3-4 Héb. fermé | G119: 90 | H119: 0 | I119: =SUMIFS(Bouches!$M$2:$M$271,Bouches!$S$2:$S$271,A119,Bouches!$C$2:$C$271,"Soufflage") -> 90 | J119: =SUMIFS(Bouches!$M$2:$M$271,Bouches!$S$2:$S$271,A119,Bouches!$C$2:$C$271,"Reprise") -> 0 | K119: =SUMIFS(Bouches!$M$2:$M$271,Bouches!$S$2:$S$271,A119,Bouches!$C$2:$C$271,"Extraction") -> 0 | L119: 1 | M119: 1 | N119: =IF(AND(OR(G119<Hypothèses!$B$6,ABS(I119-G119)<=2),ABS(K119-H119)<=2),"oui","NON") -> oui | P119: B348
A120: L122 | B120: N01 | C120: HEB01 | D120: chambre | E120: CHAMBRE | F120: CTA 3-4 Héb. fermé | G120: 90 | H120: 0 | I120: =SUMIFS(Bouches!$M$2:$M$271,Bouches!$S$2:$S$271,A120,Bouches!$C$2:$C$271,"Soufflage") -> 90 | J120: =SUMIFS(Bouches!$M$2:$M$271,Bouches!$S$2:$S$271,A120,Bouches!$C$2:$C$271,"Reprise") -> 0 | K120: =SUMIFS(Bouches!$M$2:$M$271,Bouches!$S$2:$S$271,A120,Bouches!$C$2:$C$271,"Extraction") -> 0 | L120: 1 | M120: 1 | N120: =IF(AND(OR(G120<Hypothèses!$B$6,ABS(I120-G120)<=2),ABS(K120-H120)<=2),"oui","NON") -> oui | P120: B376
... A135: L137 | B135: N01 | C135: HEB01 | D135: chambre | E135: CHAMBRE | F135: CTA 3-4 Héb. fermé | G135: 90 | H135: 0 | I135: =SUMIFS(Bouches!$M$2:$M$271,Bouches!$S$2:$S$271,A135,Bouches!$C$2:$C$271,"Soufflage") -> 90 | J135: =SUMIFS(Bouches!$M$2:$M$271,Bouches!$S$2:$S$271,A135,Bouches!$C$2:$C$271,"Reprise") -> 0 | K135: =SUMIFS(Bouches!$M$2:$M$271,Bouches!$S$2:$S$271,A135,Bouches!$C$2:$C$271,"Extraction") -> 0 | L135: 1 | M135: 1 | N135: =IF(AND(OR(G135<Hypothèses!$B$6,ABS(I135-G135)<=2),ABS(K135-H135)<=2),"oui","NON") -> oui | P135: B351
A136: L138 | B136: N01 | C136: HEB01 | D136: chambre | E136: CHAMBRE | F136: CTA 3-4 Héb. fermé | G136: 90 | H136: 0 | I136: =SUMIFS(Bouches!$M$2:$M$271,Bouches!$S$2:$S$271,A136,Bouches!$C$2:$C$271,"Soufflage") -> 90 | J136: =SUMIFS(Bouches!$M$2:$M$271,Bouches!$S$2:$S$271,A136,Bouches!$C$2:$C$271,"Reprise") -> 0 | K136: =SUMIFS(Bouches!$M$2:$M$271,Bouches!$S$2:$S$271,A136,Bouches!$C$2:$C$271,"Extraction") -> 0 | L136: 1 | M136: 0 | N136: =IF(AND(OR(G136<Hypothèses!$B$6,ABS(I136-G136)<=2),ABS(K136-H136)<=2),"oui","NON") -> oui | O136: 1 bouche(s) à raccorder | P136: B398
A137: L139 | B137: N01 | C137: HEB01 | D137: chambre | E137: CHAMBRE | F137: CTA 3-4 Héb. fermé | G137: 90 | H137: 0 | I137: =SUMIFS(Bouches!$M$2:$M$271,Bouches!$S$2:$S$271,A137,Bouches!$C$2:$C$271,"Soufflage") -> 90 | J137: =SUMIFS(Bouches!$M$2:$M$271,Bouches!$S$2:$S$271,A137,Bouches!$C$2:$C$271,"Reprise") -> 0 | K137: =SUMIFS(Bouches!$M$2:$M$271,Bouches!$S$2:$S$271,A137,Bouches!$C$2:$C$271,"Extraction") -> 0 | L137: 1 | M137: 1 | N137: =IF(AND(OR(G137<Hypothèses!$B$6,ABS(I137-G137)<=2),ABS(K137-H137)<=2),"oui","NON") -> oui | P137: B343
A138: L153 | B138: N01 | C138: HEB01AAAA | D138: sdb | E138: SDB_CH | F138: CTA 3-4 Héb. fermé | G138: 0 | H138: 90 | I138: =SUMIFS(Bouches!$M$2:$M$271,Bouches!$S$2:$S$271,A138,Bouches!$C$2:$C$271,"Soufflage") -> 0 | J138: =SUMIFS(Bouches!$M$2:$M$271,Bouches!$S$2:$S$271,A138,Bouches!$C$2:$C$271,"Reprise") -> 0 | K138: =SUMIFS(Bouches!$M$2:$M$271,Bouches!$S$2:$S$271,A138,Bouches!$C$2:$C$271,"Extraction") -> 90 | L138: 1 | M138: 1 | N138: =IF(AND(OR(G138<Hypothèses!$B$6,ABS(I138-G138)<=2),ABS(K138-H138)<=2),"oui","NON") -> oui | P138: B118
A139: L154 | B139: N01 | C139: HEB01BBBB | D139: sdb | E139: SDB_CH | F139: CTA 3-4 Héb. fermé | G139: 0 | H139: 90 | I139: =SUMIFS(Bouches!$M$2:$M$271,Bouches!$S$2:$S$271,A139,Bouches!$C$2:$C$271,"Soufflage") -> 0 | J139: =SUMIFS(Bouches!$M$2:$M$271,Bouches!$S$2:$S$271,A139,Bouches!$C$2:$C$271,"Reprise") -> 0 | K139: =SUMIFS(Bouches!$M$2:$M$271,Bouches!$S$2:$S$271,A139,Bouches!$C$2:$C$271,"Extraction") -> 90 | L139: 1 | M139: 1 | N139: =IF(AND(OR(G139<Hypothèses!$B$6,ABS(I139-G139)<=2),ABS(K139-H139)<=2),"oui","NON") -> oui | P139: B374
A140: L155 | B140: N01 | C140: HEB01CCCC | D140: sdb | E140: SDB_CH | F140: CTA 3-4 Héb. fermé | G140: 0 | H140: 90 | I140: =SUMIFS(Bouches!$M$2:$M$271,Bouches!$S$2:$S$271,A140,Bouches!$C$2:$C$271,"Soufflage") -> 0 | J140: =SUMIFS(Bouches!$M$2:$M$271,Bouches!$S$2:$S$271,A140,Bouches!$C$2:$C$271,"Reprise") -> 0 | K140: =SUMIFS(Bouches!$M$2:$M$271,Bouches!$S$2:$S$271,A140,Bouches!$C$2:$C$271,"Extraction") -> 90 | L140: 1 | M140: 1 | N140: =IF(AND(OR(G140<Hypothèses!$B$6,ABS(I140-G140)<=2),ABS(K140-H140)<=2),"oui","NON") -> oui | P140: B356
A141: L156 | B141: N01 | C141: HEB01DDDD | D141: sdb | E141: SDB_CH | F141: CTA 3-4 Héb. fermé | G141: 0 | H141: 90 | I141: =SUMIFS(Bouches!$M$2:$M$271,Bouches!$S$2:$S$271,A141,Bouches!$C$2:$C$271,"Soufflage") -> 0 | J141: =SUMIFS(Bouches!$M$2:$M$271,Bouches!$S$2:$S$271,A141,Bouches!$C$2:$C$271,"Reprise") -> 0 | K141: =SUMIFS(Bouches!$M$2:$M$271,Bouches!$S$2:$S$271,A141,Bouches!$C$2:$C$271,"Extraction") -> 90 | L141: 1 | M141: 1 | N141: =IF(AND(OR(G141<Hypothèses!$B$6,ABS(I141-G141)<=2),ABS(K141-H141)<=2),"oui","NON") -> oui | P141: B317
A142: L157 | B142: N01 | C142: HEB01EEE | D142: sdb | E142: SDB_CH | F142: CTA 3-4 Héb. fermé | G142: 0 | H142: 90 | I142: =SUMIFS(Bouches!$M$2:$M$271,Bouches!$S$2:$S$271,A142,Bouches!$C$2:$C$271,"Soufflage") -> 0 | J142: =SUMIFS(Bouches!$M$2:$M$271,Bouches!$S$2:$S$271,A142,Bouches!$C$2:$C$271,"Reprise") -> 0 | K142: =SUMIFS(Bouches!$M$2:$M$271,Bouches!$S$2:$S$271,A142,Bouches!$C$2:$C$271,"Extraction") -> 90 | L142: 1 | M142: 1 | N142: =IF(AND(OR(G142<Hypothèses!$B$6,ABS(I142-G142)<=2),ABS(K142-H142)<=2),"oui","NON") -> oui | P142: B321
A143: L158 | B143: N01 | C143: HEB01FFF | D143: sdb | E143: SDB_CH | F143: CTA 3-4 Héb. fermé | G143: 0 | H143: 90 | I143: =SUMIFS(Bouches!$M$2:$M$271,Bouches!$S$2:$S$271,A143,Bouches!$C$2:$C$271,"Soufflage") -> 0 | J143: =SUMIFS(Bouches!$M$2:$M$271,Bouches!$S$2:$S$271,A143,Bouches!$C$2:$C$271,"Reprise") -> 0 | K143: =SUMIFS(Bouches!$M$2:$M$271,Bouches!$S$2:$S$271,A143,Bouches!$C$2:$C$271,"Extraction") -> 90 | L143: 1 | M143: 1 | N143: =IF(AND(OR(G143<Hypothèses!$B$6,ABS(I143-G143)<=2),ABS(K143-H143)<=2),"oui","NON") -> oui | P143: B318
A144: L159 | B144: N01 | C144: HEB01GGG | D144: sdb | E144: SDB_CH | F144: CTA 3-4 Héb. fermé | G144: 0 | H144: 90 | I144: =SUMIFS(Bouches!$M$2:$M$271,Bouches!$S$2:$S$271,A144,Bouches!$C$2:$C$271,"Soufflage") -> 0 | J144: =SUMIFS(Bouches!$M$2:$M$271,Bouches!$S$2:$S$271,A144,Bouches!$C$2:$C$271,"Reprise") -> 0 | K144: =SUMIFS(Bouches!$M$2:$M$271,Bouches!$S$2:$S$271,A144,Bouches!$C$2:$C$271,"Extraction") -> 90 | L144: 1 | M144: 1 | N144: =IF(AND(OR(G144<Hypothèses!$B$6,ABS(I144-G144)<=2),ABS(K144-H144)<=2),"oui","NON") -> oui | P144: B018
A145: L160 | B145: N01 | C145: HEB01HHH | D145: sdb | E145: SDB_CH | F145: CTA 3-4 Héb. fermé | G145: 0 | H145: 90 | I145: =SUMIFS(Bouches!$M$2:$M$271,Bouches!$S$2:$S$271,A145,Bouches!$C$2:$C$271,"Soufflage") -> 0 | J145: =SUMIFS(Bouches!$M$2:$M$271,Bouches!$S$2:$S$271,A145,Bouches!$C$2:$C$271,"Reprise") -> 0 | K145: =SUMIFS(Bouches!$M$2:$M$271,Bouches!$S$2:$S$271,A145,Bouches!$C$2:$C$271,"Extraction") -> 90 | L145: 1 | M145: 1 | N145: =IF(AND(OR(G145<Hypothèses!$B$6,ABS(I145-G145)<=2),ABS(K145-H145)<=2),"oui","NON") -> oui | P145: B354
A146: L161 | B146: N01 | C146: HEB01III | D146: sdb | E146: SDB_CH | F146: CTA 3-4 Héb. fermé | G146: 0 | H146: 90 | I146: =SUMIFS(Bouches!$M$2:$M$271,Bouches!$S$2:$S$271,A146,Bouches!$C$2:$C$271,"Soufflage") -> 0 | J146: =SUMIFS(Bouches!$M$2:$M$271,Bouches!$S$2:$S$271,A146,Bouches!$C$2:$C$271,"Reprise") -> 0 | K146: =SUMIFS(Bouches!$M$2:$M$271,Bouches!$S$2:$S$271,A146,Bouches!$C$2:$C$271,"Extraction") -> 90 | L146: 1 | M146: 1 | N146: =IF(AND(OR(G146<Hypothèses!$B$6,ABS(I146-G146)<=2),ABS(K146-H146)<=2),"oui","NON") -> oui | P146: B331
A147: L162 | B147: N01 | C147: HEB01JJJ | D147: sdb | E147: SDB_CH | F147: CTA 3-4 Héb. fermé | G147: 0 | H147: 90 | I147: =SUMIFS(Bouches!$M$2:$M$271,Bouches!$S$2:$S$271,A147,Bouches!$C$2:$C$271,"Soufflage") -> 0 | J147: =SUMIFS(Bouches!$M$2:$M$271,Bouches!$S$2:$S$271,A147,Bouches!$C$2:$C$271,"Reprise") -> 0 | K147: =SUMIFS(Bouches!$M$2:$M$271,Bouches!$S$2:$S$271,A147,Bouches!$C$2:$C$271,"Extraction") -> 90 | L147: 1 | M147: 1 | N147: =IF(AND(OR(G147<Hypothèses!$B$6,ABS(I147-G147)<=2),ABS(K147-H147)<=2),"oui","NON") -> oui | P147: B370
A148: L163 | B148: N01 | C148: HEB01KKK | D148: sdb | E148: SDB_CH | F148: CTA 3-4 Héb. fermé | G148: 0 | H148: 90 | I148: =SUMIFS(Bouches!$M$2:$M$271,Bouches!$S$2:$S$271,A148,Bouches!$C$2:$C$271,"Soufflage") -> 0 | J148: =SUMIFS(Bouches!$M$2:$M$271,Bouches!$S$2:$S$271,A148,Bouches!$C$2:$C$271,"Reprise") -> 0 | K148: =SUMIFS(Bouches!$M$2:$M$271,Bouches!$S$2:$S$271,A148,Bouches!$C$2:$C$271,"Extraction") -> 90 | L148: 1 | M148: 1 | N148: =IF(AND(OR(G148<Hypothèses!$B$6,ABS(I148-G148)<=2),ABS(K148-H148)<=2),"oui","NON") -> oui | P148: B325
... A153: L168 | B153: N01 | C153: HEB01PPP | D153: sdb | E153: SDB_CH | F153: CTA 3-4 Héb. fermé | G153: 0 | H153: 90 | I153: =SUMIFS(Bouches!$M$2:$M$271,Bouches!$S$2:$S$271,A153,Bouches!$C$2:$C$271,"Soufflage") -> 0 | J153: =SUMIFS(Bouches!$M$2:$M$271,Bouches!$S$2:$S$271,A153,Bouches!$C$2:$C$271,"Reprise") -> 0 | K153: =SUMIFS(Bouches!$M$2:$M$271,Bouches!$S$2:$S$271,A153,Bouches!$C$2:$C$271,"Extraction") -> 90 | L153: 1 | M153: 1 | N153: =IF(AND(OR(G153<Hypothèses!$B$6,ABS(I153-G153)<=2),ABS(K153-H153)<=2),"oui","NON") -> oui | P153: B329
A154: L169 | B154: N01 | C154: HEB01QQQ | D154: sdb | E154: SDB_CH | F154: CTA 3-4 Héb. fermé | G154: 0 | H154: 90 | I154: =SUMIFS(Bouches!$M$2:$M$271,Bouches!$S$2:$S$271,A154,Bouches!$C$2:$C$271,"Soufflage") -> 0 | J154: =SUMIFS(Bouches!$M$2:$M$271,Bouches!$S$2:$S$271,A154,Bouches!$C$2:$C$271,"Reprise") -> 0 | K154: =SUMIFS(Bouches!$M$2:$M$271,Bouches!$S$2:$S$271,A154,Bouches!$C$2:$C$271,"Extraction") -> 90 | L154: 1 | M154: 0 | N154: =IF(AND(OR(G154<Hypothèses!$B$6,ABS(I154-G154)<=2),ABS(K154-H154)<=2),"oui","NON") -> oui | O154: 1 bouche(s) à raccorder | P154: B387
A155: L170 | B155: N01 | C155: HEB01RRR | D155: sdb | E155: SDB_CH | F155: CTA 3-4 Héb. fermé | G155: 0 | H155: 90 | I155: =SUMIFS(Bouches!$M$2:$M$271,Bouches!$S$2:$S$271,A155,Bouches!$C$2:$C$271,"Soufflage") -> 0 | J155: =SUMIFS(Bouches!$M$2:$M$271,Bouches!$S$2:$S$271,A155,Bouches!$C$2:$C$271,"Reprise") -> 0 | K155: =SUMIFS(Bouches!$M$2:$M$271,Bouches!$S$2:$S$271,A155,Bouches!$C$2:$C$271,"Extraction") -> 90 | L155: 1 | M155: 1 | N155: =IF(AND(OR(G155<Hypothèses!$B$6,ABS(I155-G155)<=2),ABS(K155-H155)<=2),"oui","NON") -> oui | P155: B039
A156: L171 | B156: N01 | C156: HEB01SSS | D156: sdb | E156: SDB_CH | F156: CTA 3-4 Héb. fermé | G156: 0 | H156: 90 | I156: =SUMIFS(Bouches!$M$2:$M$271,Bouches!$S$2:$S$271,A156,Bouches!$C$2:$C$271,"Soufflage") -> 0 | J156: =SUMIFS(Bouches!$M$2:$M$271,Bouches!$S$2:$S$271,A156,Bouches!$C$2:$C$271,"Reprise") -> 0 | K156: =SUMIFS(Bouches!$M$2:$M$271,Bouches!$S$2:$S$271,A156,Bouches!$C$2:$C$271,"Extraction") -> 90 | L156: 1 | M156: 1 | N156: =IF(AND(OR(G156<Hypothèses!$B$6,ABS(I156-G156)<=2),ABS(K156-H156)<=2),"oui","NON") -> oui | P156: B020
A157: L172 | B157: N01 | C157: HEB01TTT | D157: sdb | E157: SDB_CH | F157: CTA 3-4 Héb. fermé | G157: 0 | H157: 90 | I157: =SUMIFS(Bouches!$M$2:$M$271,Bouches!$S$2:$S$271,A157,Bouches!$C$2:$C$271,"Soufflage") -> 0 | J157: =SUMIFS(Bouches!$M$2:$M$271,Bouches!$S$2:$S$271,A157,Bouches!$C$2:$C$271,"Reprise") -> 0 | K157: =SUMIFS(Bouches!$M$2:$M$271,Bouches!$S$2:$S$271,A157,Bouches!$C$2:$C$271,"Extraction") -> 90 | L157: 1 | M157: 1 | N157: =IF(AND(OR(G157<Hypothèses!$B$6,ABS(I157-G157)<=2),ABS(K157-H157)<=2),"oui","NON") -> oui | P157: B173
A158: L173 | B158: N01 | C158: HEB01UUU | D158: sdb | E158: SDB_CH | F158: CTA 3-4 Héb. fermé | G158: 0 | H158: 90 | I158: =SUMIFS(Bouches!$M$2:$M$271,Bouches!$S$2:$S$271,A158,Bouches!$C$2:$C$271,"Soufflage") -> 0 | J158: =SUMIFS(Bouches!$M$2:$M$271,Bouches!$S$2:$S$271,A158,Bouches!$C$2:$C$271,"Reprise") -> 0 | K158: =SUMIFS(Bouches!$M$2:$M$271,Bouches!$S$2:$S$271,A158,Bouches!$C$2:$C$271,"Extraction") -> 90 | L158: 1 | M158: 1 | N158: =IF(AND(OR(G158<Hypothèses!$B$6,ABS(I158-G158)<=2),ABS(K158-H158)<=2),"oui","NON") -> oui | P158: B363
A159: L174 | B159: N01 | C159: HEB01VVV | D159: sdb | E159: SDB_CH | F159: CTA 3-4 Héb. fermé | G159: 0 | H159: 90 | I159: =SUMIFS(Bouches!$M$2:$M$271,Bouches!$S$2:$S$271,A159,Bouches!$C$2:$C$271,"Soufflage") -> 0 | J159: =SUMIFS(Bouches!$M$2:$M$271,Bouches!$S$2:$S$271,A159,Bouches!$C$2:$C$271,"Reprise") -> 0 | K159: =SUMIFS(Bouches!$M$2:$M$271,Bouches!$S$2:$S$271,A159,Bouches!$C$2:$C$271,"Extraction") -> 90 | L159: 1 | M159: 1 | N159: =IF(AND(OR(G159<Hypothèses!$B$6,ABS(I159-G159)<=2),ABS(K159-H159)<=2),"oui","NON") -> oui | P159: B320
A160: L175 | B160: N01 | C160: HEB01WWW | D160: sdb | E160: SDB_CH | F160: CTA 3-4 Héb. fermé | G160: 0 | H160: 90 | I160: =SUMIFS(Bouches!$M$2:$M$271,Bouches!$S$2:$S$271,A160,Bouches!$C$2:$C$271,"Soufflage") -> 0 | J160: =SUMIFS(Bouches!$M$2:$M$271,Bouches!$S$2:$S$271,A160,Bouches!$C$2:$C$271,"Reprise") -> 0 | K160: =SUMIFS(Bouches!$M$2:$M$271,Bouches!$S$2:$S$271,A160,Bouches!$C$2:$C$271,"Extraction") -> 90 | L160: 1 | M160: 1 | N160: =IF(AND(OR(G160<Hypothèses!$B$6,ABS(I160-G160)<=2),ABS(K160-H160)<=2),"oui","NON") -> oui | P160: B389
A161: L176 | B161: N01 | C161: HEB01XXX | D161: sdb | E161: SDB_CH | F161: CTA 3-4 Héb. fermé | G161: 0 | H161: 90 | I161: =SUMIFS(Bouches!$M$2:$M$271,Bouches!$S$2:$S$271,A161,Bouches!$C$2:$C$271,"Soufflage") -> 0 | J161: =SUMIFS(Bouches!$M$2:$M$271,Bouches!$S$2:$S$271,A161,Bouches!$C$2:$C$271,"Reprise") -> 0 | K161: =SUMIFS(Bouches!$M$2:$M$271,Bouches!$S$2:$S$271,A161,Bouches!$C$2:$C$271,"Extraction") -> 90 | L161: 1 | M161: 1 | N161: =IF(AND(OR(G161<Hypothèses!$B$6,ABS(I161-G161)<=2),ABS(K161-H161)<=2),"oui","NON") -> oui | P161: B149
A162: L177 | B162: N01 | C162: HEB01YYY | D162: sdb | E162: SDB_CH | F162: CTA 3-4 Héb. fermé | G162: 0 | H162: 90 | I162: =SUMIFS(Bouches!$M$2:$M$271,Bouches!$S$2:$S$271,A162,Bouches!$C$2:$C$271,"Soufflage") -> 0 | J162: =SUMIFS(Bouches!$M$2:$M$271,Bouches!$S$2:$S$271,A162,Bouches!$C$2:$C$271,"Reprise") -> 0 | K162: =SUMIFS(Bouches!$M$2:$M$271,Bouches!$S$2:$S$271,A162,Bouches!$C$2:$C$271,"Extraction") -> 90 | L162: 1 | M162: 1 | N162: =IF(AND(OR(G162<Hypothèses!$B$6,ABS(I162-G162)<=2),ABS(K162-H162)<=2),"oui","NON") -> oui | P162: B035
A163: L178 | B163: N01 | C163: HEB01ZZZ | D163: sdb | E163: SDB_CH | F163: CTA 3-4 Héb. fermé | G163: 0 | H163: 90 | I163: =SUMIFS(Bouches!$M$2:$M$271,Bouches!$S$2:$S$271,A163,Bouches!$C$2:$C$271,"Soufflage") -> 0 | J163: =SUMIFS(Bouches!$M$2:$M$271,Bouches!$S$2:$S$271,A163,Bouches!$C$2:$C$271,"Reprise") -> 0 | K163: =SUMIFS(Bouches!$M$2:$M$271,Bouches!$S$2:$S$271,A163,Bouches!$C$2:$C$271,"Extraction") -> 90 | L163: 1 | M163: 1 | N163: =IF(AND(OR(G163<Hypothèses!$B$6,ABS(I163-G163)<=2),ABS(K163-H163)<=2),"oui","NON") -> oui | P163: B383
A164: L086 | B164: N00 | C164: BUR02 | D164: accueil | E164: BUREAU | F164: CTA 5 Locaux communs | G164: 50 | H164: 0 | I164: =SUMIFS(Bouches!$M$2:$M$271,Bouches!$S$2:$S$271,A164,Bouches!$C$2:$C$271,"Soufflage") -> 50 | J164: =SUMIFS(Bouches!$M$2:$M$271,Bouches!$S$2:$S$271,A164,Bouches!$C$2:$C$271,"Reprise") -> 50 | K164: =SUMIFS(Bouches!$M$2:$M$271,Bouches!$S$2:$S$271,A164,Bouches!$C$2:$C$271,"Extraction") -> 0 | L164: 2 | M164: 1 | N164: =IF(AND(OR(G164<Hypothèses!$B$6,ABS(I164-G164)<=2),ABS(K164-H164)<=2),"oui","NON") -> oui | O164: 1 bouche(s) à raccorder | P164: B058, B355
A165: L003 | B165: N00 | C165: LOG09 | D165: atelier | E165: ATELIER | F165: CTA 5 Locaux communs | G165: 90 | H165: 0 | I165: =SUMIFS(Bouches!$M$2:$M$271,Bouches!$S$2:$S$271,A165,Bouches!$C$2:$C$271,"Soufflage") -> 90 | J165: =SUMIFS(Bouches!$M$2:$M$271,Bouches!$S$2:$S$271,A165,Bouches!$C$2:$C$271,"Reprise") -> 90 | K165: =SUMIFS(Bouches!$M$2:$M$271,Bouches!$S$2:$S$271,A165,Bouches!$C$2:$C$271,"Extraction") -> 0 | L165: 2 | M165: 1 | N165: =IF(AND(OR(G165<Hypothèses!$B$6,ABS(I165-G165)<=2),ABS(K165-H165)<=2),"oui","NON") -> oui | O165: 1 bouche(s) à raccorder | P165: B381, B386
A166: L104 | B166: N00 | C166: BUR02A | D166: b. animation | E166: SALON | F166: CTA 5 Locaux communs | G166: 72 | H166: 0 | I166: =SUMIFS(Bouches!$M$2:$M$271,Bouches!$S$2:$S$271,A166,Bouches!$C$2:$C$271,"Soufflage") -> 72 | J166: =SUMIFS(Bouches!$M$2:$M$271,Bouches!$S$2:$S$271,A166,Bouches!$C$2:$C$271,"Reprise") -> 72 | K166: =SUMIFS(Bouches!$M$2:$M$271,Bouches!$S$2:$S$271,A166,Bouches!$C$2:$C$271,"Extraction") -> 0 | L166: 2 | M166: 1 | N166: =IF(AND(OR(G166<Hypothèses!$B$6,ABS(I166-G166)<=2),ABS(K166-H166)<=2),"oui","NON") -> oui | O166: 1 bouche(s) à raccorder | P166: B090, B395
A167: L004 | B167: N00 | C167: LOG02 | D167: boi. | E167: STOCK | F167: CTA 5 Locaux communs | G167: 2 | H167: 0 | I167: =SUMIFS(Bouches!$M$2:$M$271,Bouches!$S$2:$S$271,A167,Bouches!$C$2:$C$271,"Soufflage") -> 0 | J167: =SUMIFS(Bouches!$M$2:$M$271,Bouches!$S$2:$S$271,A167,Bouches!$C$2:$C$271,"Reprise") -> 0 | K167: =SUMIFS(Bouches!$M$2:$M$271,Bouches!$S$2:$S$271,A167,Bouches!$C$2:$C$271,"Extraction") -> 0 | L167: 0 | M167: 0 | N167: =IF(AND(OR(G167<Hypothèses!$B$6,ABS(I167-G167)<=2),ABS(K167-H167)<=2),"oui","NON") -> oui | O167: pas de bouche : transfert d'air (débit < 25 m³/h, choix équipe)
A168: L087 | B168: N00 | C168: BUR01 | D168: bur. ben. | E168: BUREAU | F168: CTA 5 Locaux communs | G168: 75 | H168: 0 | I168: =SUMIFS(Bouches!$M$2:$M$271,Bouches!$S$2:$S$271,A168,Bouches!$C$2:$C$271,"Soufflage") -> 75 | J168: =SUMIFS(Bouches!$M$2:$M$271,Bouches!$S$2:$S$271,A168,Bouches!$C$2:$C$271,"Reprise") -> 75 | K168: =SUMIFS(Bouches!$M$2:$M$271,Bouches!$S$2:$S$271,A168,Bouches!$C$2:$C$271,"Extraction") -> 0 | L168: 2 | M168: 1 | N168: =IF(AND(OR(G168<Hypothèses!$B$6,ABS(I168-G168)<=2),ABS(K168-H168)<=2),"oui","NON") -> oui | O168: 1 bouche(s) à raccorder | P168: B301, B337
A169: L088 | B169: N00 | C169: BUR01 | D169: bur. cadre | E169: BUREAU | F169: CTA 5 Locaux communs | G169: 50 | H169: 0 | I169: =SUMIFS(Bouches!$M$2:$M$271,Bouches!$S$2:$S$271,A169,Bouches!$C$2:$C$271,"Soufflage") -> 50 | J169: =SUMIFS(Bouches!$M$2:$M$271,Bouches!$S$2:$S$271,A169,Bouches!$C$2:$C$271,"Reprise") -> 50 | K169: =SUMIFS(Bouches!$M$2:$M$271,Bouches!$S$2:$S$271,A169,Bouches!$C$2:$C$271,"Extraction") -> 0 | L169: 2 | M169: 1 | N169: =IF(AND(OR(G169<Hypothèses!$B$6,ABS(I169-G169)<=2),ABS(K169-H169)<=2),"oui","NON") -> oui | O169: 1 bouche(s) à raccorder | P169: B211, B394
A170: L089 | B170: N00 | C170: BUR01 | D170: bur. mut. | E170: BUREAU | F170: CTA 5 Locaux communs | G170: 50 | H170: 0 | I170: =SUMIFS(Bouches!$M$2:$M$271,Bouches!$S$2:$S$271,A170,Bouches!$C$2:$C$271,"Soufflage") -> 50 | J170: =SUMIFS(Bouches!$M$2:$M$271,Bouches!$S$2:$S$271,A170,Bouches!$C$2:$C$271,"Reprise") -> 50 | K170: =SUMIFS(Bouches!$M$2:$M$271,Bouches!$S$2:$S$271,A170,Bouches!$C$2:$C$271,"Extraction") -> 0 | L170: 2 | M170: 1 | N170: =IF(AND(OR(G170<Hypothèses!$B$6,ABS(I170-G170)<=2),ABS(K170-H170)<=2),"oui","NON") -> oui | O170: 1 bouche(s) à raccorder | P170: B315, B335
A171: L090 | B171: N00 | C171: BUR01 | D171: bur. poly. | E171: BUREAU | F171: CTA 5 Locaux communs | G171: 75 | H171: 0 | I171: =SUMIFS(Bouches!$M$2:$M$271,Bouches!$S$2:$S$271,A171,Bouches!$C$2:$C$271,"Soufflage") -> 75 | J171: =SUMIFS(Bouches!$M$2:$M$271,Bouches!$S$2:$S$271,A171,Bouches!$C$2:$C$271,"Reprise") -> 75 | K171: =SUMIFS(Bouches!$M$2:$M$271,Bouches!$S$2:$S$271,A171,Bouches!$C$2:$C$271,"Extraction") -> 0 | L171: 2 | M171: 2 | N171: =IF(AND(OR(G171<Hypothèses!$B$6,ABS(I171-G171)<=2),ABS(K171-H171)<=2),"oui","NON") -> oui | P171: B302, B340
A172: L047 | B172: N00 | C172: LOG02 | D172: chariots | E172: STOCK | F172: CTA 5 Locaux communs | G172: 2 | H172: 0 | I172: =SUMIFS(Bouches!$M$2:$M$271,Bouches!$S$2:$S$271,A172,Bouches!$C$2:$C$271,"Soufflage") -> 0 | J172: =SUMIFS(Bouches!$M$2:$M$271,Bouches!$S$2:$S$271,A172,Bouches!$C$2:$C$271,"Reprise") -> 0 | K172: =SUMIFS(Bouches!$M$2:$M$271,Bouches!$S$2:$S$271,A172,Bouches!$C$2:$C$271,"Extraction") -> 0 | L172: 0 | M172: 0 | N172: =IF(AND(OR(G172<Hypothèses!$B$6,ABS(I172-G172)<=2),ABS(K172-H172)<=2),"oui","NON") -> oui | O172: pas de bouche : transfert d'air (débit < 25 m³/h, choix équipe)
A173: L091 | B173: N00 | C173: LOG02 | D173: chariots | E173: STOCK | F173: CTA 5 Locaux communs | G173: 3 | H173: 0 | I173: =SUMIFS(Bouches!$M$2:$M$271,Bouches!$S$2:$S$271,A173,Bouches!$C$2:$C$271,"Soufflage") -> 0 | J173: =SUMIFS(Bouches!$M$2:$M$271,Bouches!$S$2:$S$271,A173,Bouches!$C$2:$C$271,"Reprise") -> 0 | K173: =SUMIFS(Bouches!$M$2:$M$271,Bouches!$S$2:$S$271,A173,Bouches!$C$2:$C$271,"Extraction") -> 0 | L173: 0 | M173: 0 | N173: =IF(AND(OR(G173<Hypothèses!$B$6,ABS(I173-G173)<=2),ABS(K173-H173)<=2),"oui","NON") -> oui | O173: pas de bouche : transfert d'air (débit < 25 m³/h, choix équipe)
A174: L105 | B174: N00 | C174: VIE06 | D174: coiffure | E174: SALON | F174: CTA 5 Locaux communs | G174: 126 | H174: 0 | I174: =SUMIFS(Bouches!$M$2:$M$271,Bouches!$S$2:$S$271,A174,Bouches!$C$2:$C$271,"Soufflage") -> 126 | J174: =SUMIFS(Bouches!$M$2:$M$271,Bouches!$S$2:$S$271,A174,Bouches!$C$2:$C$271,"Reprise") -> 126 | K174: =SUMIFS(Bouches!$M$2:$M$271,Bouches!$S$2:$S$271,A174,Bouches!$C$2:$C$271,"Extraction") -> 0 | L174: 2 | M174: 1 | N174: =IF(AND(OR(G174<Hypothèses!$B$6,ABS(I174-G174)<=2),ABS(K174-H174)<=2),"oui","NON") -> oui | O174: 1 bouche(s) à raccorder | P174: B091, B401
A175: L092 | B175: N00 | C175: BUR01 | D175: convivialité | E175: SALON | F175: CTA 5 Locaux communs | G175: 108 | H175: 0 | I175: =SUMIFS(Bouches!$M$2:$M$271,Bouches!$S$2:$S$271,A175,Bouches!$C$2:$C$271,"Soufflage") -> 108 | J175: =SUMIFS(Bouches!$M$2:$M$271,Bouches!$S$2:$S$271,A175,Bouches!$C$2:$C$271,"Reprise") -> 108 | K175: =SUMIFS(Bouches!$M$2:$M$271,Bouches!$S$2:$S$271,A175,Bouches!$C$2:$C$271,"Extraction") -> 0 | L175: 2 | M175: 2 | N175: =IF(AND(OR(G175<Hypothèses!$B$6,ABS(I175-G175)<=2),ABS(K175-H175)<=2),"oui","NON") -> oui | P175: B303, B341
A176: L008 | B176: N00 | C176: EXT03 | D176: espaces verts | E176: STOCK | F176: CTA 5 Locaux communs | G176: 4 | H176: 0 | I176: =SUMIFS(Bouches!$M$2:$M$271,Bouches!$S$2:$S$271,A176,Bouches!$C$2:$C$271,"Soufflage") -> 0 | J176: =SUMIFS(Bouches!$M$2:$M$271,Bouches!$S$2:$S$271,A176,Bouches!$C$2:$C$271,"Reprise") -> 0 | K176: =SUMIFS(Bouches!$M$2:$M$271,Bouches!$S$2:$S$271,A176,Bouches!$C$2:$C$271,"Extraction") -> 0 | L176: 0 | M176: 0 | N176: =IF(AND(OR(G176<Hypothèses!$B$6,ABS(I176-G176)<=2),ABS(K176-H176)<=2),"oui","NON") -> oui | O176: pas de bouche : transfert d'air (débit < 25 m³/h, choix équipe)
A177: L106 | B177: N00 | C177: VIE04 | D177: famille | E177: SALON | F177: CTA 5 Locaux communs | G177: 234 | H177: 0 | I177: =SUMIFS(Bouches!$M$2:$M$271,Bouches!$S$2:$S$271,A177,Bouches!$C$2:$C$271,"Soufflage") -> 234 | J177: =SUMIFS(Bouches!$M$2:$M$271,Bouches!$S$2:$S$271,A177,Bouches!$C$2:$C$271,"Reprise") -> 234 | K177: =SUMIFS(Bouches!$M$2:$M$271,Bouches!$S$2:$S$271,A177,Bouches!$C$2:$C$271,"Extraction") -> 0 | L177: 2 | M177: 1 | N177: =IF(AND(OR(G177<Hypothèses!$B$6,ABS(I177-G177)<=2),ABS(K177-H177)<=2),"oui","NON") -> oui | O177: 1 bouche(s) à raccorder | P177: B330, B344
A178: L009 | B178: N00 | C178: LOG06 | D178: linge P | E178: STOCK | F178: CTA 5 Locaux communs | G178: 5 | H178: 0 | I178: =SUMIFS(Bouches!$M$2:$M$271,Bouches!$S$2:$S$271,A178,Bouches!$C$2:$C$271,"Soufflage") -> 0 | J178: =SUMIFS(Bouches!$M$2:$M$271,Bouches!$S$2:$S$271,A178,Bouches!$C$2:$C$271,"Reprise") -> 0 | K178: =SUMIFS(Bouches!$M$2:$M$271,Bouches!$S$2:$S$271,A178,Bouches!$C$2:$C$271,"Extraction") -> 0 | L178: 0 | M178: 0 | N178: =IF(AND(OR(G178<Hypothèses!$B$6,ABS(I178-G178)<=2),ABS(K178-H178)<=2),"oui","NON") -> oui | O178: pas de bouche : transfert d'air (débit < 25 m³/h, choix équipe)
A179: L048 | B179: N00 | C179: LOG06 | D179: linge P | E179: STOCK | F179: CTA 5 Locaux communs | G179: 3 | H179: 0 | I179: =SUMIFS(Bouches!$M$2:$M$271,Bouches!$S$2:$S$271,A179,Bouches!$C$2:$C$271,"Soufflage") -> 0 | J179: =SUMIFS(Bouches!$M$2:$M$271,Bouches!$S$2:$S$271,A179,Bouches!$C$2:$C$271,"Reprise") -> 0 | K179: =SUMIFS(Bouches!$M$2:$M$271,Bouches!$S$2:$S$271,A179,Bouches!$C$2:$C$271,"Extraction") -> 0 | L179: 0 | M179: 0 | N179: =IF(AND(OR(G179<Hypothèses!$B$6,ABS(I179-G179)<=2),ABS(K179-H179)<=2),"oui","NON") -> oui | O179: pas de bouche : transfert d'air (débit < 25 m³/h, choix équipe)
A180: L010 | B180: N00 | C180: EXT02 | D180: mat. jardin | E180: STOCK | F180: CTA 5 Locaux communs | G180: 5 | H180: 0 | I180: =SUMIFS(Bouches!$M$2:$M$271,Bouches!$S$2:$S$271,A180,Bouches!$C$2:$C$271,"Soufflage") -> 0 | J180: =SUMIFS(Bouches!$M$2:$M$271,Bouches!$S$2:$S$271,A180,Bouches!$C$2:$C$271,"Reprise") -> 0 | K180: =SUMIFS(Bouches!$M$2:$M$271,Bouches!$S$2:$S$271,A180,Bouches!$C$2:$C$271,"Extraction") -> 0 | L180: 0 | M180: 0 | N180: =IF(AND(OR(G180<Hypothèses!$B$6,ABS(I180-G180)<=2),ABS(K180-H180)<=2),"oui","NON") -> oui | O180: pas de bouche : transfert d'air (débit < 25 m³/h, choix équipe)
A181: L096 | B181: N00 | C181: SOI01 | D181: pc ide | E181: BUREAU | F181: CTA 5 Locaux communs | G181: 50 | H181: 0 | I181: =SUMIFS(Bouches!$M$2:$M$271,Bouches!$S$2:$S$271,A181,Bouches!$C$2:$C$271,"Soufflage") -> 50 | J181: =SUMIFS(Bouches!$M$2:$M$271,Bouches!$S$2:$S$271,A181,Bouches!$C$2:$C$271,"Reprise") -> 50 | K181: =SUMIFS(Bouches!$M$2:$M$271,Bouches!$S$2:$S$271,A181,Bouches!$C$2:$C$271,"Extraction") -> 0 | L181: 2 | M181: 1 | N181: =IF(AND(OR(G181<Hypothèses!$B$6,ABS(I181-G181)<=2),ABS(K181-H181)<=2),"oui","NON") -> oui | O181: 1 bouche(s) à raccorder | P181: B209, B396
A182: L097 | B182: N00 | C182: BUR02 | D182: pc médical | E182: BUREAU | F182: CTA 5 Locaux communs | G182: 75 | H182: 0 | I182: =SUMIFS(Bouches!$M$2:$M$271,Bouches!$S$2:$S$271,A182,Bouches!$C$2:$C$271,"Soufflage") -> 75 | J182: =SUMIFS(Bouches!$M$2:$M$271,Bouches!$S$2:$S$271,A182,Bouches!$C$2:$C$271,"Reprise") -> 75 | K182: =SUMIFS(Bouches!$M$2:$M$271,Bouches!$S$2:$S$271,A182,Bouches!$C$2:$C$271,"Extraction") -> 0 | L182: 2 | M182: 2 | N182: =IF(AND(OR(G182<Hypothèses!$B$6,ABS(I182-G182)<=2),ABS(K182-H182)<=2),"oui","NON") -> oui | P182: B194, B392
A183: L098 | B183: N00 | C183: SOI02 | D183: prépa. | E183: BUREAU | F183: CTA 5 Locaux communs | G183: 75 | H183: 0 | I183: =SUMIFS(Bouches!$M$2:$M$271,Bouches!$S$2:$S$271,A183,Bouches!$C$2:$C$271,"Soufflage") -> 75 | J183: =SUMIFS(Bouches!$M$2:$M$271,Bouches!$S$2:$S$271,A183,Bouches!$C$2:$C$271,"Reprise") -> 75 | K183: =SUMIFS(Bouches!$M$2:$M$271,Bouches!$S$2:$S$271,A183,Bouches!$C$2:$C$271,"Extraction") -> 0 | L183: 2 | M183: 2 | N183: =IF(AND(OR(G183<Hypothèses!$B$6,ABS(I183-G183)<=2),ABS(K183-H183)<=2),"oui","NON") -> oui | P183: B316, B336
A184: L013 | B184: N00 | C184: LOG02 | D184: réserve centrale | E184: STOCK | F184: CTA 5 Locaux communs | G184: 4 | H184: 0 | I184: =SUMIFS(Bouches!$M$2:$M$271,Bouches!$S$2:$S$271,A184,Bouches!$C$2:$C$271,"Soufflage") -> 0 | J184: =SUMIFS(Bouches!$M$2:$M$271,Bouches!$S$2:$S$271,A184,Bouches!$C$2:$C$271,"Reprise") -> 0 | K184: =SUMIFS(Bouches!$M$2:$M$271,Bouches!$S$2:$S$271,A184,Bouches!$C$2:$C$271,"Extraction") -> 0 | L184: 0 | M184: 0 | N184: =IF(AND(OR(G184<Hypothèses!$B$6,ABS(I184-G184)<=2),ABS(K184-H184)<=2),"oui","NON") -> oui | O184: pas de bouche : transfert d'air (débit < 25 m³/h, choix équipe)
A185: L052 | B185: N00 | C185: LOG03 | D185: réserve magasin | E185: STOCK | F185: CTA 5 Locaux communs | G185: 6 | H185: 0 | I185: =SUMIFS(Bouches!$M$2:$M$271,Bouches!$S$2:$S$271,A185,Bouches!$C$2:$C$271,"Soufflage") -> 0 | J185: =SUMIFS(Bouches!$M$2:$M$271,Bouches!$S$2:$S$271,A185,Bouches!$C$2:$C$271,"Reprise") -> 0 | K185: =SUMIFS(Bouches!$M$2:$M$271,Bouches!$S$2:$S$271,A185,Bouches!$C$2:$C$271,"Extraction") -> 0 | L185: 0 | M185: 0 | N185: =IF(AND(OR(G185<Hypothèses!$B$6,ABS(I185-G185)<=2),ABS(K185-H185)<=2),"oui","NON") -> oui | O185: pas de bouche : transfert d'air (débit < 25 m³/h, choix équipe)
A186: L099 | B186: N00 | C186: VIE05 | D186: rééducation | E186: SALON | F186: CTA 5 Locaux communs | G186: 234 | H186: 0 | I186: =SUMIFS(Bouches!$M$2:$M$271,Bouches!$S$2:$S$271,A186,Bouches!$C$2:$C$271,"Soufflage") -> 234 | J186: =SUMIFS(Bouches!$M$2:$M$271,Bouches!$S$2:$S$271,A186,Bouches!$C$2:$C$271,"Reprise") -> 234 | K186: =SUMIFS(Bouches!$M$2:$M$271,Bouches!$S$2:$S$271,A186,Bouches!$C$2:$C$271,"Extraction") -> 0 | L186: 2 | M186: 1 | N186: =IF(AND(OR(G186<Hypothèses!$B$6,ABS(I186-G186)<=2),ABS(K186-H186)<=2),"oui","NON") -> oui | O186: 1 bouche(s) à raccorder | P186: B304, B338
A187: L107 | B187: N00 | C187: VIE02 | D187: salle à manger | E187: RESTAU | F187: CTA 5 Locaux communs | G187: 2486 | H187: 0 | I187: =SUMIFS(Bouches!$M$2:$M$271,Bouches!$S$2:$S$271,A187,Bouches!$C$2:$C$271,"Soufflage") -> 2485 | J187: =SUMIFS(Bouches!$M$2:$M$271,Bouches!$S$2:$S$271,A187,Bouches!$C$2:$C$271,"Reprise") -> 2485 | K187: =SUMIFS(Bouches!$M$2:$M$271,Bouches!$S$2:$S$271,A187,Bouches!$C$2:$C$271,"Extraction") -> 0 | L187: 14 | M187: 5 | N187: =IF(AND(OR(G187<Hypothèses!$B$6,ABS(I187-G187)<=2),ABS(K187-H187)<=2),"oui","NON") -> oui | O187: 9 bouche(s) à raccorder | P187: B001, B002, B005, B006, B003, B306, B307, B308, B309, B310, B311, B312, B313, B314
A188: L101 | B188: N00 | C188: SOI03 | D188: soins | E188: BUREAU | F188: CTA 5 Locaux communs | G188: 75 | H188: 0 | I188: =SUMIFS(Bouches!$M$2:$M$271,Bouches!$S$2:$S$271,A188,Bouches!$C$2:$C$271,"Soufflage") -> 75 | J188: =SUMIFS(Bouches!$M$2:$M$271,Bouches!$S$2:$S$271,A188,Bouches!$C$2:$C$271,"Reprise") -> 75 | K188: =SUMIFS(Bouches!$M$2:$M$271,Bouches!$S$2:$S$271,A188,Bouches!$C$2:$C$271,"Extraction") -> 0 | L188: 2 | M188: 2 | N188: =IF(AND(OR(G188<Hypothèses!$B$6,ABS(I188-G188)<=2),ABS(K188-H188)<=2),"oui","NON") -> oui | P188: B078, B342
A189: L102 | B189: N00 | C189: LOG02 | D189: stock | E189: STOCK | F189: CTA 5 Locaux communs | G189: 2 | H189: 0 | I189: =SUMIFS(Bouches!$M$2:$M$271,Bouches!$S$2:$S$271,A189,Bouches!$C$2:$C$271,"Soufflage") -> 0 | J189: =SUMIFS(Bouches!$M$2:$M$271,Bouches!$S$2:$S$271,A189,Bouches!$C$2:$C$271,"Reprise") -> 0 | K189: =SUMIFS(Bouches!$M$2:$M$271,Bouches!$S$2:$S$271,A189,Bouches!$C$2:$C$271,"Extraction") -> 0 | L189: 0 | M189: 0 | N189: =IF(AND(OR(G189<Hypothèses!$B$6,ABS(I189-G189)<=2),ABS(K189-H189)<=2),"oui","NON") -> oui | O189: pas de bouche : transfert d'air (débit < 25 m³/h, choix équipe)
A190: L108 | B190: N00 | C190: LOG02 | D190: stock | E190: STOCK | F190: CTA 5 Locaux communs | G190: 2 | H190: 0 | I190: =SUMIFS(Bouches!$M$2:$M$271,Bouches!$S$2:$S$271,A190,Bouches!$C$2:$C$271,"Soufflage") -> 0 | J190: =SUMIFS(Bouches!$M$2:$M$271,Bouches!$S$2:$S$271,A190,Bouches!$C$2:$C$271,"Reprise") -> 0 | K190: =SUMIFS(Bouches!$M$2:$M$271,Bouches!$S$2:$S$271,A190,Bouches!$C$2:$C$271,"Extraction") -> 0 | L190: 0 | M190: 0 | N190: =IF(AND(OR(G190<Hypothèses!$B$6,ABS(I190-G190)<=2),ABS(K190-H190)<=2),"oui","NON") -> oui | O190: pas de bouche : transfert d'air (débit < 25 m³/h, choix équipe)
A191: L109 | B191: N00 | C191: LOG02 | D191: stock anim. | E191: STOCK | F191: CTA 5 Locaux communs | G191: 5 | H191: 0 | I191: =SUMIFS(Bouches!$M$2:$M$271,Bouches!$S$2:$S$271,A191,Bouches!$C$2:$C$271,"Soufflage") -> 0 | J191: =SUMIFS(Bouches!$M$2:$M$271,Bouches!$S$2:$S$271,A191,Bouches!$C$2:$C$271,"Reprise") -> 0 | K191: =SUMIFS(Bouches!$M$2:$M$271,Bouches!$S$2:$S$271,A191,Bouches!$C$2:$C$271,"Extraction") -> 0 | L191: 0 | M191: 0 | N191: =IF(AND(OR(G191<Hypothèses!$B$6,ABS(I191-G191)<=2),ABS(K191-H191)<=2),"oui","NON") -> oui | O191: pas de bouche : transfert d'air (débit < 25 m³/h, choix équipe)
A192: L014 | B192: N00 | C192: LOG03 | D192: stock mat. | E192: STOCK | F192: CTA 5 Locaux communs | G192: 21 | H192: 0 | I192: =SUMIFS(Bouches!$M$2:$M$271,Bouches!$S$2:$S$271,A192,Bouches!$C$2:$C$271,"Soufflage") -> 0 | J192: =SUMIFS(Bouches!$M$2:$M$271,Bouches!$S$2:$S$271,A192,Bouches!$C$2:$C$271,"Reprise") -> 0 | K192: =SUMIFS(Bouches!$M$2:$M$271,Bouches!$S$2:$S$271,A192,Bouches!$C$2:$C$271,"Extraction") -> 0 | L192: 0 | M192: 0 | N192: =IF(AND(OR(G192<Hypothèses!$B$6,ABS(I192-G192)<=2),ABS(K192-H192)<=2),"oui","NON") -> oui | O192: pas de bouche : transfert d'air (débit < 25 m³/h, choix équipe)
A193: L103 | B193: N00 | C193: SOI05 | D193: transmissions | E193: BUREAU | F193: CTA 5 Locaux communs | G193: 100 | H193: 0 | I193: =SUMIFS(Bouches!$M$2:$M$271,Bouches!$S$2:$S$271,A193,Bouches!$C$2:$C$271,"Soufflage") -> 100 | J193: =SUMIFS(Bouches!$M$2:$M$271,Bouches!$S$2:$S$271,A193,Bouches!$C$2:$C$271,"Reprise") -> 100 | K193: =SUMIFS(Bouches!$M$2:$M$271,Bouches!$S$2:$S$271,A193,Bouches!$C$2:$C$271,"Extraction") -> 0 | L193: 2 | M193: 2 | N193: =IF(AND(OR(G193<Hypothèses!$B$6,ABS(I193-G193)<=2),ABS(K193-H193)<=2),"oui","NON") -> oui | P193: B305, B339
A194: L018 | B194: N00 | C194: LOG10 | D194: vêtements | E194: STOCK | F194: CTA 5 Locaux communs | G194: 4 | H194: 0 | I194: =SUMIFS(Bouches!$M$2:$M$271,Bouches!$S$2:$S$271,A194,Bouches!$C$2:$C$271,"Soufflage") -> 0 | J194: =SUMIFS(Bouches!$M$2:$M$271,Bouches!$S$2:$S$271,A194,Bouches!$C$2:$C$271,"Reprise") -> 0 | K194: =SUMIFS(Bouches!$M$2:$M$271,Bouches!$S$2:$S$271,A194,Bouches!$C$2:$C$271,"Extraction") -> 0 | L194: 0 | M194: 0 | N194: =IF(AND(OR(G194<Hypothèses!$B$6,ABS(I194-G194)<=2),ABS(K194-H194)<=2),"oui","NON") -> oui | O194: pas de bouche : transfert d'air (débit < 25 m³/h, choix équipe)
A195: L112 | B195: N01 | C195: LOG02 | D195: boi. | E195: STOCK | F195: CTA 5 Locaux communs | G195: 2 | H195: 0 | I195: =SUMIFS(Bouches!$M$2:$M$271,Bouches!$S$2:$S$271,A195,Bouches!$C$2:$C$271,"Soufflage") -> 0 | J195: =SUMIFS(Bouches!$M$2:$M$271,Bouches!$S$2:$S$271,A195,Bouches!$C$2:$C$271,"Reprise") -> 0 | K195: =SUMIFS(Bouches!$M$2:$M$271,Bouches!$S$2:$S$271,A195,Bouches!$C$2:$C$271,"Extraction") -> 0 | L195: 0 | M195: 0 | N195: =IF(AND(OR(G195<Hypothèses!$B$6,ABS(I195-G195)<=2),ABS(K195-H195)<=2),"oui","NON") -> oui | O195: pas de bouche : transfert d'air (débit < 25 m³/h, choix équipe)
A196: L113 | B196: N01 | C196: BUR06 | D196: bureau | E196: BUREAU | F196: CTA 5 Locaux communs | G196: 25 | H196: 0 | I196: =SUMIFS(Bouches!$M$2:$M$271,Bouches!$S$2:$S$271,A196,Bouches!$C$2:$C$271,"Soufflage") -> 25 | J196: =SUMIFS(Bouches!$M$2:$M$271,Bouches!$S$2:$S$271,A196,Bouches!$C$2:$C$271,"Reprise") -> 25 | K196: =SUMIFS(Bouches!$M$2:$M$271,Bouches!$S$2:$S$271,A196,Bouches!$C$2:$C$271,"Extraction") -> 0 | L196: 2 | M196: 2 | N196: =IF(AND(OR(G196<Hypothèses!$B$6,ABS(I196-G196)<=2),ABS(K196-H196)<=2),"oui","NON") -> oui | P196: B089, B324
A197: L206 | B197: N01 | C197: LOG02 | D197: chariots | E197: STOCK | F197: CTA 5 Locaux communs | G197: 2 | H197: 0 | I197: =SUMIFS(Bouches!$M$2:$M$271,Bouches!$S$2:$S$271,A197,Bouches!$C$2:$C$271,"Soufflage") -> 0 | J197: =SUMIFS(Bouches!$M$2:$M$271,Bouches!$S$2:$S$271,A197,Bouches!$C$2:$C$271,"Reprise") -> 0 | K197: =SUMIFS(Bouches!$M$2:$M$271,Bouches!$S$2:$S$271,A197,Bouches!$C$2:$C$271,"Extraction") -> 0 | L197: 0 | M197: 0 | N197: =IF(AND(OR(G197<Hypothèses!$B$6,ABS(I197-G197)<=2),ABS(K197-H197)<=2),"oui","NON") -> oui | O197: pas de bouche : transfert d'air (débit < 25 m³/h, choix équipe)
A198: L207 | B198: N01 | C198: DET01 | D198: détente | E198: SALON | F198: CTA 5 Locaux communs | G198: 108 | H198: 0 | I198: =SUMIFS(Bouches!$M$2:$M$271,Bouches!$S$2:$S$271,A198,Bouches!$C$2:$C$271,"Soufflage") -> 108 | J198: =SUMIFS(Bouches!$M$2:$M$271,Bouches!$S$2:$S$271,A198,Bouches!$C$2:$C$271,"Reprise") -> 108 | K198: =SUMIFS(Bouches!$M$2:$M$271,Bouches!$S$2:$S$271,A198,Bouches!$C$2:$C$271,"Extraction") -> 0 | L198: 2 | M198: 0 | N198: =IF(AND(OR(G198<Hypothèses!$B$6,ABS(I198-G198)<=2),ABS(K198-H198)<=2),"oui","NON") -> oui | O198: 2 bouche(s) à raccorder | P198: B404, B405
A199: L140 | B199: N01 | C199: LOG04 | D199: linge P | E199: STOCK | F199: CTA 5 Locaux communs | G199: 2 | H199: 0 | I199: =SUMIFS(Bouches!$M$2:$M$271,Bouches!$S$2:$S$271,A199,Bouches!$C$2:$C$271,"Soufflage") -> 0 | J199: =SUMIFS(Bouches!$M$2:$M$271,Bouches!$S$2:$S$271,A199,Bouches!$C$2:$C$271,"Reprise") -> 0 | K199: =SUMIFS(Bouches!$M$2:$M$271,Bouches!$S$2:$S$271,A199,Bouches!$C$2:$C$271,"Extraction") -> 0 | L199: 0 | M199: 0 | N199: =IF(AND(OR(G199<Hypothèses!$B$6,ABS(I199-G199)<=2),ABS(K199-H199)<=2),"oui","NON") -> oui | O199: pas de bouche : transfert d'air (débit < 25 m³/h, choix équipe)
A200: L208 | B200: N01 | C200: LOG06 | D200: linge P | E200: STOCK | F200: CTA 5 Locaux communs | G200: 3 | H200: 0 | I200: =SUMIFS(Bouches!$M$2:$M$271,Bouches!$S$2:$S$271,A200,Bouches!$C$2:$C$271,"Soufflage") -> 0 | J200: =SUMIFS(Bouches!$M$2:$M$271,Bouches!$S$2:$S$271,A200,Bouches!$C$2:$C$271,"Reprise") -> 0 | K200: =SUMIFS(Bouches!$M$2:$M$271,Bouches!$S$2:$S$271,A200,Bouches!$C$2:$C$271,"Extraction") -> 0 | L200: 0 | M200: 0 | N200: =IF(AND(OR(G200<Hypothèses!$B$6,ABS(I200-G200)<=2),ABS(K200-H200)<=2),"oui","NON") -> oui | O200: pas de bouche : transfert d'air (débit < 25 m³/h, choix équipe)
A201: L144 | B201: N01 | C201: LOG03 | D201: réserve magasin | E201: STOCK | F201: CTA 5 Locaux communs | G201: 2 | H201: 0 | I201: =SUMIFS(Bouches!$M$2:$M$271,Bouches!$S$2:$S$271,A201,Bouches!$C$2:$C$271,"Soufflage") -> 0 | J201: =SUMIFS(Bouches!$M$2:$M$271,Bouches!$S$2:$S$271,A201,Bouches!$C$2:$C$271,"Reprise") -> 0 | K201: =SUMIFS(Bouches!$M$2:$M$271,Bouches!$S$2:$S$271,A201,Bouches!$C$2:$C$271,"Extraction") -> 0 | L201: 0 | M201: 0 | N201: =IF(AND(OR(G201<Hypothèses!$B$6,ABS(I201-G201)<=2),ABS(K201-H201)<=2),"oui","NON") -> oui | O201: pas de bouche : transfert d'air (débit < 25 m³/h, choix équipe)
A202: L145 | B202: N01 | C202: LOG03 | D202: réserve magasin | E202: STOCK | F202: CTA 5 Locaux communs | G202: 6 | H202: 0 | I202: =SUMIFS(Bouches!$M$2:$M$271,Bouches!$S$2:$S$271,A202,Bouches!$C$2:$C$271,"Soufflage") -> 0 | J202: =SUMIFS(Bouches!$M$2:$M$271,Bouches!$S$2:$S$271,A202,Bouches!$C$2:$C$271,"Reprise") -> 0 | K202: =SUMIFS(Bouches!$M$2:$M$271,Bouches!$S$2:$S$271,A202,Bouches!$C$2:$C$271,"Extraction") -> 0 | L202: 0 | M202: 0 | N202: =IF(AND(OR(G202<Hypothèses!$B$6,ABS(I202-G202)<=2),ABS(K202-H202)<=2),"oui","NON") -> oui | O202: pas de bouche : transfert d'air (débit < 25 m³/h, choix équipe)
A203: L212 | B203: N01 | C203: LOG03 | D203: réserve magasin | E203: STOCK | F203: CTA 5 Locaux communs | G203: 8 | H203: 0 | I203: =SUMIFS(Bouches!$M$2:$M$271,Bouches!$S$2:$S$271,A203,Bouches!$C$2:$C$271,"Soufflage") -> 0 | J203: =SUMIFS(Bouches!$M$2:$M$271,Bouches!$S$2:$S$271,A203,Bouches!$C$2:$C$271,"Reprise") -> 0 | K203: =SUMIFS(Bouches!$M$2:$M$271,Bouches!$S$2:$S$271,A203,Bouches!$C$2:$C$271,"Extraction") -> 0 | L203: 0 | M203: 0 | N203: =IF(AND(OR(G203<Hypothèses!$B$6,ABS(I203-G203)<=2),ABS(K203-H203)<=2),"oui","NON") -> oui | O203: pas de bouche : transfert d'air (débit < 25 m³/h, choix équipe)
A204: L146 | B204: N01 | C204: LOG03 | D204: réserve matériel | E204: STOCK | F204: CTA 5 Locaux communs | G204: 2 | H204: 0 | I204: =SUMIFS(Bouches!$M$2:$M$271,Bouches!$S$2:$S$271,A204,Bouches!$C$2:$C$271,"Soufflage") -> 0 | J204: =SUMIFS(Bouches!$M$2:$M$271,Bouches!$S$2:$S$271,A204,Bouches!$C$2:$C$271,"Reprise") -> 0 | K204: =SUMIFS(Bouches!$M$2:$M$271,Bouches!$S$2:$S$271,A204,Bouches!$C$2:$C$271,"Extraction") -> 0 | L204: 0 | M204: 0 | N204: =IF(AND(OR(G204<Hypothèses!$B$6,ABS(I204-G204)<=2),ABS(K204-H204)<=2),"oui","NON") -> oui | O204: pas de bouche : transfert d'air (débit < 25 m³/h, choix équipe)
A205: L214 | B205: N01 | C205: HEB04 | D205: salle à manger | E205: RESTAU | F205: CTA 5 Locaux communs | G205: 440 | H205: 0 | I205: =SUMIFS(Bouches!$M$2:$M$271,Bouches!$S$2:$S$271,A205,Bouches!$C$2:$C$271,"Soufflage") -> 440 | J205: =SUMIFS(Bouches!$M$2:$M$271,Bouches!$S$2:$S$271,A205,Bouches!$C$2:$C$271,"Reprise") -> 440 | K205: =SUMIFS(Bouches!$M$2:$M$271,Bouches!$S$2:$S$271,A205,Bouches!$C$2:$C$271,"Extraction") -> 0 | L205: 4 | M205: 2 | N205: =IF(AND(OR(G205<Hypothèses!$B$6,ABS(I205-G205)<=2),ABS(K205-H205)<=2),"oui","NON") -> oui | O205: 2 bouche(s) à raccorder | P205: B033, B034, B402, B403
A206: L147 | B206: N01 | C206: HEB03 | D206: salle à manger salon | E206: RESTAU | F206: CTA 5 Locaux communs | G206: 726 | H206: 0 | I206: =SUMIFS(Bouches!$M$2:$M$271,Bouches!$S$2:$S$271,A206,Bouches!$C$2:$C$271,"Soufflage") -> 726 | J206: =SUMIFS(Bouches!$M$2:$M$271,Bouches!$S$2:$S$271,A206,Bouches!$C$2:$C$271,"Reprise") -> 726 | K206: =SUMIFS(Bouches!$M$2:$M$271,Bouches!$S$2:$S$271,A206,Bouches!$C$2:$C$271,"Extraction") -> 0 | L206: 4 | M206: 2 | N206: =IF(AND(OR(G206<Hypothèses!$B$6,ABS(I206-G206)<=2),ABS(K206-H206)<=2),"oui","NON") -> oui | O206: 2 bouche(s) à raccorder | P206: B366, B367, B371, B372
A207: L148 | B207: N01 | C207: HEB03 | D207: salle à manger salon | E207: RESTAU | F207: CTA 5 Locaux communs | G207: 704 | H207: 0 | I207: =SUMIFS(Bouches!$M$2:$M$271,Bouches!$S$2:$S$271,A207,Bouches!$C$2:$C$271,"Soufflage") -> 704 | J207: =SUMIFS(Bouches!$M$2:$M$271,Bouches!$S$2:$S$271,A207,Bouches!$C$2:$C$271,"Reprise") -> 704 | K207: =SUMIFS(Bouches!$M$2:$M$271,Bouches!$S$2:$S$271,A207,Bouches!$C$2:$C$271,"Extraction") -> 0 | L207: 4 | M207: 1 | N207: =IF(AND(OR(G207<Hypothèses!$B$6,ABS(I207-G207)<=2),ABS(K207-H207)<=2),"oui","NON") -> oui | O207: 3 bouche(s) à raccorder | P207: B379, B380, B384, B406
A208: L001 | B208: N00 | C208: LOG13A | D208: WC | E208: SAN_WC | F208: VMC simple flux | G208: 0 | H208: 30 | I208: =SUMIFS(Bouches!$M$2:$M$271,Bouches!$S$2:$S$271,A208,Bouches!$C$2:$C$271,"Soufflage") -> 0 | J208: =SUMIFS(Bouches!$M$2:$M$271,Bouches!$S$2:$S$271,A208,Bouches!$C$2:$C$271,"Reprise") -> 0 | K208: =SUMIFS(Bouches!$M$2:$M$271,Bouches!$S$2:$S$271,A208,Bouches!$C$2:$C$271,"Extraction") -> 30 | L208: 1 | M208: 0 | N208: =IF(AND(OR(G208<Hypothèses!$B$6,ABS(I208-G208)<=2),ABS(K208-H208)<=2),"oui","NON") -> oui | O208: 1 bouche(s) à raccorder | P208: V001
A209: L002 | B209: N00 | C209: LOG13A | D209: Wc | E209: SAN_WC | F209: VMC simple flux | G209: 0 | H209: 30 | I209: =SUMIFS(Bouches!$M$2:$M$271,Bouches!$S$2:$S$271,A209,Bouches!$C$2:$C$271,"Soufflage") -> 0 | J209: =SUMIFS(Bouches!$M$2:$M$271,Bouches!$S$2:$S$271,A209,Bouches!$C$2:$C$271,"Reprise") -> 0 | K209: =SUMIFS(Bouches!$M$2:$M$271,Bouches!$S$2:$S$271,A209,Bouches!$C$2:$C$271,"Extraction") -> 30 | L209: 1 | M209: 0 | N209: =IF(AND(OR(G209<Hypothèses!$B$6,ABS(I209-G209)<=2),ABS(K209-H209)<=2),"oui","NON") -> oui | O209: 1 bouche(s) à raccorder | P209: V002
A210: L005 | B210: N00 | C210: LOG12A | D210: douche | E210: SAN_DOUCHE | F210: VMC simple flux | G210: 0 | H210: 45 | I210: =SUMIFS(Bouches!$M$2:$M$271,Bouches!$S$2:$S$271,A210,Bouches!$C$2:$C$271,"Soufflage") -> 0 | J210: =SUMIFS(Bouches!$M$2:$M$271,Bouches!$S$2:$S$271,A210,Bouches!$C$2:$C$271,"Reprise") -> 0 | K210: =SUMIFS(Bouches!$M$2:$M$271,Bouches!$S$2:$S$271,A210,Bouches!$C$2:$C$271,"Extraction") -> 45 | L210: 1 | M210: 0 | N210: =IF(AND(OR(G210<Hypothèses!$B$6,ABS(I210-G210)<=2),ABS(K210-H210)<=2),"oui","NON") -> oui | O210: 1 bouche(s) à raccorder | P210: V003
A211: L006 | B211: N00 | C211: LOG12A | D211: douche | E211: SAN_DOUCHE | F211: VMC simple flux | G211: 0 | H211: 45 | I211: =SUMIFS(Bouches!$M$2:$M$271,Bouches!$S$2:$S$271,A211,Bouches!$C$2:$C$271,"Soufflage") -> 0 | J211: =SUMIFS(Bouches!$M$2:$M$271,Bouches!$S$2:$S$271,A211,Bouches!$C$2:$C$271,"Reprise") -> 0 | K211: =SUMIFS(Bouches!$M$2:$M$271,Bouches!$S$2:$S$271,A211,Bouches!$C$2:$C$271,"Extraction") -> 45 | L211: 1 | M211: 0 | N211: =IF(AND(OR(G211<Hypothèses!$B$6,ABS(I211-G211)<=2),ABS(K211-H211)<=2),"oui","NON") -> oui | O211: 1 bouche(s) à raccorder | P211: V004
...

Sheet Écarts au CCTP
A1: Sujet | B1: Ce que dit le dossier (DCE) | C1: Ce qu'on a fait dans la maquette | D1: Pourquoi / suite
A2: Raccordement des bouches | B2: CCTP 4.10.6 / 4.11.7 : bouches raccordées par flexible phonique M0, 50 cm maxi | C2: Antennes en gaine rigide jusqu'à la bouche (piquage + coudes à angle carré) | D2: Choix de l'équipe (pas de flexible dans la maquette). Le flexible de 50 cm pourra être ajouté au DOE / à l'exécution.
A3: Régulateurs de débit constant | B3: CCTP 4.10.5 / 4.11.5 : un régulateur Rad Régul'air ou RDC-RM à chaque bouche de soufflage | C3: Non modélisés (accessoire dans la gaine) | D3: À ajouter si on modélise les accessoires (famille d'accessoire de gaine).
A4: Bouches d'extraction des salles de bains | B4: CCTP 4.10.6 : à la charge du lot cabine préfabriquée | C4: Modélisées (81 bouches 90 m³/h) pour le calcul et la synthèse | D4: Fournies par le lot cabine, raccordées par nous.
A5: Débit CTA 5 | B5: CCTP 4.11.2 : 8 800 m³/h | C5: Bouches dimensionnées sur nos débits réglementaires : 6 123 m³/h au soufflage | D5: À trancher avec le prof : garder 8 800 m³/h (bouches et gaines × 1,4 environ) ou nos minimums.
A6: Débit CTA 2 | B6: CCTP 4.10.2 : 2 330 m³/h | C6: 2 430 m³/h (27 chambres × 90 : une chambre de plus dans la maquette) | D6: Écart de 4 %, à signaler.
A7: Petits stocks (< 25 m³/h) | B7: Débits par local : 0,36 m³/h/m² (95 m³/h au total pour 22 locaux) | C7: Pas de bouche : transfert d'air par la porte | D7: Choix d'Allan.
A8: VMC simple flux sanitaires | B8: CCTP 4.12 : caisson d'extraction C4 en toiture, gaines, bouches autoréglables | C8: 6 caissons C4 en toiture (VMC 1 à 6), montées, collecteurs et antennes rigides : les 46 bouches (3 090 m³/h) sont raccordées | D8: Rejets à plus de 8 m des prises d'air neuf des CTA (vérifié). Caissons VMC 2 et VMC 4 : posés en rive, à caler avec l'acrotère.
A9: Compensation des sanitaires | B9: CCTP 4.12.6 : détalonnage < 120 m³/h, bouches de transfert au-delà | C9: Offices et tisanerie (450 m³/h chacun) : bouches de transfert (grilles en porte ou en cloison) ; locaux < 120 m³/h : détalonnage des portes | D9: Grilles de transfert à commander avec les menuiseries ; pas dessinées dans la maquette CVC.

Sheet Hypothèses
A1: Hypothèses
A3: Vitesse maxi au col des bouches (m/s) | B3: 2.5 | C3: Hypothèse équipe : vitesse basse pour limiter le bruit (CCTP § 4.10.4)
A4: Hauteur du col / des antennes (mm) | B4: 60 | C4: Hypothèse équipe : antennes plates pour passer au-dessus des gaines principales
A5: Débit maxi par bouche CTA (m³/h) | B5: 400 | C5: Hypothèse équipe
A6: Débit mini pour poser une bouche (m³/h) | B6: 25 | C6: Choix d'Allan : en dessous, transfert d'air par la porte
A7: Débit maxi par bouche VMC (m³/h) | B7: 150 | C7: Hypothèse équipe (bouche autoréglable)
