Workbook

Sheet Synthèse
A1: Gaines principales de ventilation – synthèse par CTA
A2: EHPAD La Bassée · lot 12 CVC · méthode du CCTP § 2.2.5 (vitesse maxi selon le débit). Détail dans l'onglet « Tronçons ».
A4: CTA | B4: Réseau | C4: Débit CCTP (m³/h) | D4: Débit calculé (m³/h) | E4: Écart | F4: Gaine au départ (L × H mm) | G4: Vitesse au départ (m/s) | H4: Nombre de tronçons | I4: Longueur totale (m) | J4: Pertes circuit défavorisé (Pa) | K4: Tronçons trop rapides | L4: Tronçons trop hauts pour le plénum | M4: Descente / gaine technique
A5: CTA 1 | B5: CTA 1 – zone ouverte aile Nord | C5: 2520 | D5: =Tronçons!H5 | E5: =IF(C5>0,D5/C5-1,"") | F5: =Tronçons!L5&" × "&Tronçons!K5 | G5: =Tronçons!N5 | H5: =COUNTIF(Tronçons!$A$5:$A$279,A5) | I5: =SUMIF(Tronçons!$A$5:$A$279,A5,Tronçons!$G$5:$G$279) | J5: =MAX(SUMIFS(Tronçons!$T$5:$T$279,Tronçons!$A$5:$A$279,A5,Tronçons!$U$5:$U$279,"X",Tronçons!$E$5:$E$279,"Soufflage"),SUMIFS(Tronçons!$T$5:$T$279,Tronçons!$A$5:$A$279,A5,Tronçons!$U$5:$U$279,"X",Tronçons!$E$5:$E$279,"Reprise")) | K5: =COUNTIFS(Tronçons!$A$5:$A$279,A5,Tronçons!$O$5:$O$279,"NON") | L5: =COUNTIFS(Tronçons!$A$5:$A$279,A5,Tronçons!$V$5:$V$279,"NON") | M5: gaine technique dans le local ménage (RDC + étage)
A6: CTA 2 | B6: CTA 2 – zone ouverte aile Sud | C6: 2330 | D6: =Tronçons!H75 | E6: =IF(C6>0,D6/C6-1,"") | F6: =Tronçons!L75&" × "&Tronçons!K75 | G6: =Tronçons!N75 | H6: =COUNTIF(Tronçons!$A$5:$A$279,A6) | I6: =SUMIF(Tronçons!$A$5:$A$279,A6,Tronçons!$G$5:$G$279) | J6: =MAX(SUMIFS(Tronçons!$T$5:$T$279,Tronçons!$A$5:$A$279,A6,Tronçons!$U$5:$U$279,"X",Tronçons!$E$5:$E$279,"Soufflage"),SUMIFS(Tronçons!$T$5:$T$279,Tronçons!$A$5:$A$279,A6,Tronçons!$U$5:$U$279,"X",Tronçons!$E$5:$E$279,"Reprise")) | K6: =COUNTIFS(Tronçons!$A$5:$A$279,A6,Tronçons!$O$5:$O$279,"NON") | L6: =COUNTIFS(Tronçons!$A$5:$A$279,A6,Tronçons!$V$5:$V$279,"NON") | M6: gaine technique dans l'office (RDC + étage)
A7: CTA 3 | B7: CTA 3 – zone fermée aile Nord | C7: 1170 | D7: =Tronçons!H139 | E7: =IF(C7>0,D7/C7-1,"") | F7: =Tronçons!L139&" × "&Tronçons!K139 | G7: =Tronçons!N139 | H7: =COUNTIF(Tronçons!$A$5:$A$279,A7) | I7: =SUMIF(Tronçons!$A$5:$A$279,A7,Tronçons!$G$5:$G$279) | J7: =MAX(SUMIFS(Tronçons!$T$5:$T$279,Tronçons!$A$5:$A$279,A7,Tronçons!$U$5:$U$279,"X",Tronçons!$E$5:$E$279,"Soufflage"),SUMIFS(Tronçons!$T$5:$T$279,Tronçons!$A$5:$A$279,A7,Tronçons!$U$5:$U$279,"X",Tronçons!$E$5:$E$279,"Reprise")) | K7: =COUNTIFS(Tronçons!$A$5:$A$279,A7,Tronçons!$O$5:$O$279,"NON") | L7: =COUNTIFS(Tronçons!$A$5:$A$279,A7,Tronçons!$V$5:$V$279,"NON") | M7: descente directe par la toiture dans le couloir, au centre (étage seul) : la toiture de l'aile est prise par les tuiles et les PV
A8: CTA 4 | B8: CTA 4 – zone fermée aile Sud | C8: 1170 | D8: =Tronçons!H169 | E8: =IF(C8>0,D8/C8-1,"") | F8: =Tronçons!L169&" × "&Tronçons!K169 | G8: =Tronçons!N169 | H8: =COUNTIF(Tronçons!$A$5:$A$279,A8) | I8: =SUMIF(Tronçons!$A$5:$A$279,A8,Tronçons!$G$5:$G$279) | J8: =MAX(SUMIFS(Tronçons!$T$5:$T$279,Tronçons!$A$5:$A$279,A8,Tronçons!$U$5:$U$279,"X",Tronçons!$E$5:$E$279,"Soufflage"),SUMIFS(Tronçons!$T$5:$T$279,Tronçons!$A$5:$A$279,A8,Tronçons!$U$5:$U$279,"X",Tronçons!$E$5:$E$279,"Reprise")) | K8: =COUNTIFS(Tronçons!$A$5:$A$279,A8,Tronçons!$O$5:$O$279,"NON") | L8: =COUNTIFS(Tronçons!$A$5:$A$279,A8,Tronçons!$V$5:$V$279,"NON") | M8: descente directe par la toiture dans le couloir (étage seul)
A9: CTA 5 | B9: CTA 5 – locaux communs | C9: 8800 | D9: =Tronçons!H199 | E9: =IF(C9>0,D9/C9-1,"") | F9: =Tronçons!L199&" × "&Tronçons!K199 | G9: =Tronçons!N199 | H9: =COUNTIF(Tronçons!$A$5:$A$279,A9) | I9: =SUMIF(Tronçons!$A$5:$A$279,A9,Tronçons!$G$5:$G$279) | J9: =MAX(SUMIFS(Tronçons!$T$5:$T$279,Tronçons!$A$5:$A$279,A9,Tronçons!$U$5:$U$279,"X",Tronçons!$E$5:$E$279,"Soufflage"),SUMIFS(Tronçons!$T$5:$T$279,Tronçons!$A$5:$A$279,A9,Tronçons!$U$5:$U$279,"X",Tronçons!$E$5:$E$279,"Reprise")) | K9: =COUNTIFS(Tronçons!$A$5:$A$279,A9,Tronçons!$O$5:$O$279,"NON") | L9: =COUNTIFS(Tronçons!$A$5:$A$279,A9,Tronçons!$V$5:$V$279,"NON") | M9: CTA sur la terrasse libre à l'ouest, gaines en toiture à 90° jusqu'à la gaine technique du local ménage (RDC) ; étage alimenté depuis le RDC par le local linge S
A11: À retenir
A12: • CTA 1, 3 et 4 : notre débit (90 m³/h × chambres) tombe exactement sur celui du CCTP. CTA 2 : une chambre de plus (+4 %).
A13: • CTA 5 : nos minimums réglementaires donnent moins que les 8 800 m³/h du CCTP ; le réseau est dimensionné sur nos débits, à reprendre si on garde 8 800 m³/h (sections × 1,4 environ).
A14: • Toutes les gaines respectent la vitesse maxi du CCTP et passent sous les poutres 20x40 (hauteur 300 mm maxi ; 350 mm pour le tronc RDC de la CTA 5, posé plus haut). Dessous des gaines au-dessus du faux plafond partout.
A15: • Pertes du circuit défavorisé = réseau seul (sans filtres, batterie, bouches), à ajouter pour choisir la pression des ventilateurs des CTA.
A16: • Tracé v2 (17/10) : CTA déplacées au-dessus de leur descente, plus de gaine sur les panneaux PV ni hors du bâtiment, angles à 90°. Gaines techniques à valider avec l'architecte.
A17: • Dans Revit, la section est gardée à travers les coudes et les tés (réduction après le raccord) : quelques morceaux sont un peu plus grands que le calcul.

Sheet Hypothèses
A1: Hypothèses de dimensionnement des gaines
A2: Les cellules en bleu sont des données : on peut les modifier, tout le classeur se recalcule.
A4: Vitesse maximale selon le débit (CCTP lot 12 § 2.2.5)
A5: Débit à partir de (m³/h) | B5: Débit jusqu'à (m³/h) | C5: Vitesse maxi (m/s)
A6: 0 | B6: 300 | C6: 3
A7: 300.001 | B7: 550 | C7: 3.5
A8: 550.001 | B8: 800 | C8: 4
A9: 800.001 | B9: 1500 | C9: 4.5
A10: 1500.001 | B10: 2000 | C10: 5
A11: 2000.001 | B11: 4000 | C11: 5.5
A12: 4000.001 | B12: 6000 | C12: 6
A13: 6000.001 | B13: 12000 | C13: 6.5
A14: 12000.001 | B14: 18500 | C14: 7
A15: 18500.001 | B15: 25000 | C15: 7.5
A16: 25000.001 | B16: 999999 | C16: 10
A17: Source : CCTP lot 12 § 2.2.5 « Calcul des conduits aérauliques » ; § 4.10.4 : « vitesse d'air basse […] ne devront pas provoquer de bruit d'écoulement ».
A19: Masse volumique de l'air ρ (kg/m³) | B19: 1.2 | C19: Air à 20 °C
A20: Viscosité cinématique ν (m²/s) | B20: 1.5e-05 | C20: Air à 20 °C
A21: Rugosité de la tôle galvanisée ε (m) | B21: 0.00015 | C21: Valeur courante pour l'acier galvanisé
A22: Majoration pour pertes singulières (%) | B22: 0.5 | C22: Hypothèse équipe : coudes, tés et réductions = 50 % des pertes linéaires
A23: Hauteur de gaine jusqu'à 2 000 m³/h (mm) | B23: 250 | C23: Hypothèse équipe : gaines rectangulaires plates dans le plénum
A24: Hauteur de gaine au-delà de 2 000 m³/h (mm) | B24: 300 | C24: Hypothèse équipe : 300 mm maxi pour passer sous les poutres 20x40 (dessus de gaine à 2,93 / 6,29 m)
A25: Hauteur des gaines de la CTA 4 (mm) | B25: 300 | C25: Hypothèse équipe : gaines plus étroites pour tenir à deux dans le couloir de l'unité fermée Sud
A26: Largeur minimale (mm) | B26: 200 | C26: Hypothèse équipe
A27: Pas des largeurs (mm) | B27: 50 | C27: Dimensions commerciales par pas de 50 mm
A28: Hauteur libre du plénum des couloirs (mm) | B28: 600 | C28: Maquette : faux plafond 2,50 / 5,86 m, sous-face de dalle 3,16 / 6,52 m
A29: Hauteur des gaines CTA 5 au-delà de 4 000 m³/h (mm) | B29: 350 | C29: Hypothèse équipe : tronc RDC de la CTA 5 (2 gaines côte à côte dans un couloir de 1,90 m), axe à 2,765 m : dessous à 2,59 m (faux plafond 2,57 m), dessus à 2,94 m (poutres 20x40 à 2,96 m)
A30: Vitesse maxi des gaines CTA 5 (m/s) | B30: 6 | C30: Hypothèse équipe : au-delà de 6 000 m³/h on garde 6 m/s, sinon la gaine serait plus étroite en amont qu'en aval
A32: • Tracé v2 : chaque CTA est posée juste au-dessus de sa descente. CTA 1, 2 et 5 : gaine technique créée dans un local annexe (ménage, office) car le DCE n'a que des gaines de désenfumage. CTA 3 et 4 (étage seul) : descente directe par la toiture dans le couloir.
A33: • Gaines horizontales uniquement dans les couloirs (et le hall / la salle à manger pour la CTA 5), parallèles aux murs, changements de direction à 90°. Axe des gaines à 2,78 m (RDC) et 6,14 m (étage) ; CTA 5 : 2,765 m (RDC) et 6,09 m (étage). CTA 3 et 4 : soufflage et reprise écartés de 1,0 m et 0,7 m pour laisser passer les antennes des bouches. CTA 5 RDC : la reprise passe au-dessus du faux plafond des bureaux côté sud (y = 34,4 m), le couloir garde seulement le soufflage.
A34: • Débits : 90 m³/h soufflés par chambre et 90 m³/h repris par salle de bains (CCTP § 2.2 et § 4.10) ; locaux communs : onglet « Débits par local » du fichier des débits.
A35: • La reprise suit le soufflage à côté, avec les mêmes débits. Les branches (CTA 5 vers le hall et la salle à manger de l'étage) sont en soufflage seul : la reprise de ces locaux se fait par transfert vers la circulation (hypothèse équipe).
A36: • Chaque tronçon va d'un piquage au suivant : son débit = somme des locaux desservis en aval.
A37: • Pertes de charge linéaires : formule de Darcy, coefficient λ de Swamee-Jain, diamètre équivalent des gaines rectangulaires De = 1,3·(a·b)^0,625 / (a+b)^0,25.

Sheet Tronçons
A1: Dimensionnement des gaines principales v2, tronçon par tronçon (soufflage et reprise)
A2: Débit en bleu = donnée (somme des locaux en aval). Le reste est calculé. X = tronçon du circuit le plus défavorisé.
A4: Réseau | B4: Repère | C4: Niveau | D4: Type | E4: Système | F4: Ce que dessert le tronçon (fin de tronçon) | G4: Longueur (m) | H4: Débit (m³/h) | I4: Vitesse maxi CCTP (m/s) | J4: Section mini (m²) | K4: Hauteur H (mm) | L4: Largeur L (mm) | M4: Section réelle (m²) | N4: Vitesse réelle (m/s) | O4: Vitesse OK ? | P4: Diamètre équivalent (m) | Q4: Reynolds | R4: λ | S4: Perte linéaire (Pa/m) | T4: Pertes du tronçon (Pa) | U4: Circuit défavorisé | V4: Passe dans le plénum ?
A5: CTA 1 | B5: CTA1-S01 | C5: Toiture | D5: Toiture (CTA → descente) | E5: Soufflage | F5: Sortie CTA → descente (trémie en toiture) | G5: 2.2 | H5: 2520 | I5: =IF(A5="CTA 5",MIN(INDEX(Hypothèses!$C$6:$C$16,MATCH(H5,Hypothèses!$A$6:$A$16,1)),Hypothèses!$B$30),INDEX(Hypothèses!$C$6:$C$16,MATCH(H5,Hypothèses!$A$6:$A$16,1))) | J5: =H5/3600/I5 | K5: =IF(A5="CTA 4",Hypothèses!$B$25,IF(AND(A5="CTA 5",H5>4000),Hypothèses!$B$29,IF(H5<=2000,Hypothèses!$B$23,Hypothèses!$B$24))) | L5: =MAX(Hypothèses!$B$26,CEILING(J5/(K5/1000)*1000,Hypothèses!$B$27)) | M5: =L5*K5/1000000 | N5: =H5/3600/M5 | O5: =IF(N5<=I5,"oui","NON") | P5: =1.3*((L5/1000)*(K5/1000))^0.625/((L5/1000)+(K5/1000))^0.25 | Q5: =N5*P5/Hypothèses!$B$20 | R5: =0.25/(LOG10(Hypothèses!$B$21/(3.7*P5)+5.74/Q5^0.9))^2 | S5: =R5/P5*Hypothèses!$B$19*N5^2/2 | T5: =S5*G5*(1+Hypothèses!$B$22) | U5: X | V5: –
A6: CTA 1 | B6: CTA1-S02 | C6: N01 | D6: Descente verticale | E6: Soufflage | F6: Gaine verticale : toiture → plénum étage | G6: 1.53 | H6: 2520 | I6: =IF(A6="CTA 5",MIN(INDEX(Hypothèses!$C$6:$C$16,MATCH(H6,Hypothèses!$A$6:$A$16,1)),Hypothèses!$B$30),INDEX(Hypothèses!$C$6:$C$16,MATCH(H6,Hypothèses!$A$6:$A$16,1))) | J6: =H6/3600/I6 | K6: =IF(A6="CTA 4",Hypothèses!$B$25,IF(AND(A6="CTA 5",H6>4000),Hypothèses!$B$29,IF(H6<=2000,Hypothèses!$B$23,Hypothèses!$B$24))) | L6: =MAX(Hypothèses!$B$26,CEILING(J6/(K6/1000)*1000,Hypothèses!$B$27)) | M6: =L6*K6/1000000 | N6: =H6/3600/M6 | O6: =IF(N6<=I6,"oui","NON") | P6: =1.3*((L6/1000)*(K6/1000))^0.625/((L6/1000)+(K6/1000))^0.25 | Q6: =N6*P6/Hypothèses!$B$20 | R6: =0.25/(LOG10(Hypothèses!$B$21/(3.7*P6)+5.74/Q6^0.9))^2 | S6: =R6/P6*Hypothèses!$B$19*N6^2/2 | T6: =S6*G6*(1+Hypothèses!$B$22) | U6: X | V6: –
A7: CTA 1 | B7: CTA1-S03 | C7: N00 | D7: Descente verticale | E7: Soufflage | F7: Gaine verticale : étage → plénum RDC | G7: 3.36 | H7: 1260 | I7: =IF(A7="CTA 5",MIN(INDEX(Hypothèses!$C$6:$C$16,MATCH(H7,Hypothèses!$A$6:$A$16,1)),Hypothèses!$B$30),INDEX(Hypothèses!$C$6:$C$16,MATCH(H7,Hypothèses!$A$6:$A$16,1))) | J7: =H7/3600/I7 | K7: =IF(A7="CTA 4",Hypothèses!$B$25,IF(AND(A7="CTA 5",H7>4000),Hypothèses!$B$29,IF(H7<=2000,Hypothèses!$B$23,Hypothèses!$B$24))) | L7: =MAX(Hypothèses!$B$26,CEILING(J7/(K7/1000)*1000,Hypothèses!$B$27)) | M7: =L7*K7/1000000 | N7: =H7/3600/M7 | O7: =IF(N7<=I7,"oui","NON") | P7: =1.3*((L7/1000)*(K7/1000))^0.625/((L7/1000)+(K7/1000))^0.25 | Q7: =N7*P7/Hypothèses!$B$20 | R7: =0.25/(LOG10(Hypothèses!$B$21/(3.7*P7)+5.74/Q7^0.9))^2 | S7: =R7/P7*Hypothèses!$B$19*N7^2/2 | T7: =S7*G7*(1+Hypothèses!$B$22) | U7: X | V7: –
A8: CTA 1 | B8: CTA1-S04 | C8: N01 | D8: Faux plafond couloir | E8: Soufflage | G8: 2.45 | H8: 1260 | I8: =IF(A8="CTA 5",MIN(INDEX(Hypothèses!$C$6:$C$16,MATCH(H8,Hypothèses!$A$6:$A$16,1)),Hypothèses!$B$30),INDEX(Hypothèses!$C$6:$C$16,MATCH(H8,Hypothèses!$A$6:$A$16,1))) | J8: =H8/3600/I8 | K8: =IF(A8="CTA 4",Hypothèses!$B$25,IF(AND(A8="CTA 5",H8>4000),Hypothèses!$B$29,IF(H8<=2000,Hypothèses!$B$23,Hypothèses!$B$24))) | L8: =MAX(Hypothèses!$B$26,CEILING(J8/(K8/1000)*1000,Hypothèses!$B$27)) | M8: =L8*K8/1000000 | N8: =H8/3600/M8 | O8: =IF(N8<=I8,"oui","NON") | P8: =1.3*((L8/1000)*(K8/1000))^0.625/((L8/1000)+(K8/1000))^0.25 | Q8: =N8*P8/Hypothèses!$B$20 | R8: =0.25/(LOG10(Hypothèses!$B$21/(3.7*P8)+5.74/Q8^0.9))^2 | S8: =R8/P8*Hypothèses!$B$19*N8^2/2 | T8: =S8*G8*(1+Hypothèses!$B$22) | V8: =IF(K8<=Hypothèses!$B$28-100,"oui","NON")
A9: CTA 1 | B9: CTA1-S05 | C9: N01 | D9: Faux plafond couloir | E9: Soufflage | F9: HEB01 chambre | G9: 1.3 | H9: 1260 | I9: =IF(A9="CTA 5",MIN(INDEX(Hypothèses!$C$6:$C$16,MATCH(H9,Hypothèses!$A$6:$A$16,1)),Hypothèses!$B$30),INDEX(Hypothèses!$C$6:$C$16,MATCH(H9,Hypothèses!$A$6:$A$16,1))) | J9: =H9/3600/I9 | K9: =IF(A9="CTA 4",Hypothèses!$B$25,IF(AND(A9="CTA 5",H9>4000),Hypothèses!$B$29,IF(H9<=2000,Hypothèses!$B$23,Hypothèses!$B$24))) | L9: =MAX(Hypothèses!$B$26,CEILING(J9/(K9/1000)*1000,Hypothèses!$B$27)) | M9: =L9*K9/1000000 | N9: =H9/3600/M9 | O9: =IF(N9<=I9,"oui","NON") | P9: =1.3*((L9/1000)*(K9/1000))^0.625/((L9/1000)+(K9/1000))^0.25 | Q9: =N9*P9/Hypothèses!$B$20 | R9: =0.25/(LOG10(Hypothèses!$B$21/(3.7*P9)+5.74/Q9^0.9))^2 | S9: =R9/P9*Hypothèses!$B$19*N9^2/2 | T9: =S9*G9*(1+Hypothèses!$B$22) | V9: =IF(K9<=Hypothèses!$B$28-100,"oui","NON")
A10: CTA 1 | B10: CTA1-S06 | C10: N01 | D10: Faux plafond couloir | E10: Soufflage | F10: HEB01 chambre | G10: 2.25 | H10: 1170 | I10: =IF(A10="CTA 5",MIN(INDEX(Hypothèses!$C$6:$C$16,MATCH(H10,Hypothèses!$A$6:$A$16,1)),Hypothèses!$B$30),INDEX(Hypothèses!$C$6:$C$16,MATCH(H10,Hypothèses!$A$6:$A$16,1))) | J10: =H10/3600/I10 | K10: =IF(A10="CTA 4",Hypothèses!$B$25,IF(AND(A10="CTA 5",H10>4000),Hypothèses!$B$29,IF(H10<=2000,Hypothèses!$B$23,Hypothèses!$B$24))) | L10: =MAX(Hypothèses!$B$26,CEILING(J10/(K10/1000)*1000,Hypothèses!$B$27)) | M10: =L10*K10/1000000 | N10: =H10/3600/M10 | O10: =IF(N10<=I10,"oui","NON") | P10: =1.3*((L10/1000)*(K10/1000))^0.625/((L10/1000)+(K10/1000))^0.25 | Q10: =N10*P10/Hypothèses!$B$20 | R10: =0.25/(LOG10(Hypothèses!$B$21/(3.7*P10)+5.74/Q10^0.9))^2 | S10: =R10/P10*Hypothèses!$B$19*N10^2/2 | T10: =S10*G10*(1+Hypothèses!$B$22) | V10: =IF(K10<=Hypothèses!$B$28-100,"oui","NON")
A11: CTA 1 | B11: CTA1-S07 | C11: N01 | D11: Faux plafond couloir | E11: Soufflage | F11: HEB01 chambre | G11: 3.551 | H11: 1170 | I11: =IF(A11="CTA 5",MIN(INDEX(Hypothèses!$C$6:$C$16,MATCH(H11,Hypothèses!$A$6:$A$16,1)),Hypothèses!$B$30),INDEX(Hypothèses!$C$6:$C$16,MATCH(H11,Hypothèses!$A$6:$A$16,1))) | J11: =H11/3600/I11 | K11: =IF(A11="CTA 4",Hypothèses!$B$25,IF(AND(A11="CTA 5",H11>4000),Hypothèses!$B$29,IF(H11<=2000,Hypothèses!$B$23,Hypothèses!$B$24))) | L11: =MAX(Hypothèses!$B$26,CEILING(J11/(K11/1000)*1000,Hypothèses!$B$27)) | M11: =L11*K11/1000000 | N11: =H11/3600/M11 | O11: =IF(N11<=I11,"oui","NON") | P11: =1.3*((L11/1000)*(K11/1000))^0.625/((L11/1000)+(K11/1000))^0.25 | Q11: =N11*P11/Hypothèses!$B$20 | R11: =0.25/(LOG10(Hypothèses!$B$21/(3.7*P11)+5.74/Q11^0.9))^2 | S11: =R11/P11*Hypothèses!$B$19*N11^2/2 | T11: =S11*G11*(1+Hypothèses!$B$22) | V11: =IF(K11<=Hypothèses!$B$28-100,"oui","NON")
A12: CTA 1 | B12: CTA1-S08 | C12: N01 | D12: Faux plafond couloir | E12: Soufflage | F12: HEB01 chambre | G12: 0.842 | H12: 990 | I12: =IF(A12="CTA 5",MIN(INDEX(Hypothèses!$C$6:$C$16,MATCH(H12,Hypothèses!$A$6:$A$16,1)),Hypothèses!$B$30),INDEX(Hypothèses!$C$6:$C$16,MATCH(H12,Hypothèses!$A$6:$A$16,1))) | J12: =H12/3600/I12 | K12: =IF(A12="CTA 4",Hypothèses!$B$25,IF(AND(A12="CTA 5",H12>4000),Hypothèses!$B$29,IF(H12<=2000,Hypothèses!$B$23,Hypothèses!$B$24))) | L12: =MAX(Hypothèses!$B$26,CEILING(J12/(K12/1000)*1000,Hypothèses!$B$27)) | M12: =L12*K12/1000000 | N12: =H12/3600/M12 | O12: =IF(N12<=I12,"oui","NON") | P12: =1.3*((L12/1000)*(K12/1000))^0.625/((L12/1000)+(K12/1000))^0.25 | Q12: =N12*P12/Hypothèses!$B$20 | R12: =0.25/(LOG10(Hypothèses!$B$21/(3.7*P12)+5.74/Q12^0.9))^2 | S12: =R12/P12*Hypothèses!$B$19*N12^2/2 | T12: =S12*G12*(1+Hypothèses!$B$22) | V12: =IF(K12<=Hypothèses!$B$28-100,"oui","NON")
A13: CTA 1 | B13: CTA1-S09 | C13: N01 | D13: Faux plafond couloir | E13: Soufflage | F13: HEB01 chambre | G13: 3.633 | H13: 900 | I13: =IF(A13="CTA 5",MIN(INDEX(Hypothèses!$C$6:$C$16,MATCH(H13,Hypothèses!$A$6:$A$16,1)),Hypothèses!$B$30),INDEX(Hypothèses!$C$6:$C$16,MATCH(H13,Hypothèses!$A$6:$A$16,1))) | J13: =H13/3600/I13 | K13: =IF(A13="CTA 4",Hypothèses!$B$25,IF(AND(A13="CTA 5",H13>4000),Hypothèses!$B$29,IF(H13<=2000,Hypothèses!$B$23,Hypothèses!$B$24))) | L13: =MAX(Hypothèses!$B$26,CEILING(J13/(K13/1000)*1000,Hypothèses!$B$27)) | M13: =L13*K13/1000000 | N13: =H13/3600/M13 | O13: =IF(N13<=I13,"oui","NON") | P13: =1.3*((L13/1000)*(K13/1000))^0.625/((L13/1000)+(K13/1000))^0.25 | Q13: =N13*P13/Hypothèses!$B$20 | R13: =0.25/(LOG10(Hypothèses!$B$21/(3.7*P13)+5.74/Q13^0.9))^2 | S13: =R13/P13*Hypothèses!$B$19*N13^2/2 | T13: =S13*G13*(1+Hypothèses!$B$22) | V13: =IF(K13<=Hypothèses!$B$28-100,"oui","NON")
A14: CTA 1 | B14: CTA1-S10 | C14: N01 | D14: Faux plafond couloir | E14: Soufflage | F14: HEB01 ch. couple | G14: 0.411 | H14: 810 | I14: =IF(A14="CTA 5",MIN(INDEX(Hypothèses!$C$6:$C$16,MATCH(H14,Hypothèses!$A$6:$A$16,1)),Hypothèses!$B$30),INDEX(Hypothèses!$C$6:$C$16,MATCH(H14,Hypothèses!$A$6:$A$16,1))) | J14: =H14/3600/I14 | K14: =IF(A14="CTA 4",Hypothèses!$B$25,IF(AND(A14="CTA 5",H14>4000),Hypothèses!$B$29,IF(H14<=2000,Hypothèses!$B$23,Hypothèses!$B$24))) | L14: =MAX(Hypothèses!$B$26,CEILING(J14/(K14/1000)*1000,Hypothèses!$B$27)) | M14: =L14*K14/1000000 | N14: =H14/3600/M14 | O14: =IF(N14<=I14,"oui","NON") | P14: =1.3*((L14/1000)*(K14/1000))^0.625/((L14/1000)+(K14/1000))^0.25 | Q14: =N14*P14/Hypothèses!$B$20 | R14: =0.25/(LOG10(Hypothèses!$B$21/(3.7*P14)+5.74/Q14^0.9))^2 | S14: =R14/P14*Hypothèses!$B$19*N14^2/2 | T14: =S14*G14*(1+Hypothèses!$B$22) | V14: =IF(K14<=Hypothèses!$B$28-100,"oui","NON")
A15: CTA 1 | B15: CTA1-S11 | C15: N01 | D15: Faux plafond couloir | E15: Soufflage | F15: HEB01 ch. couple | G15: 4.19 | H15: 810 | I15: =IF(A15="CTA 5",MIN(INDEX(Hypothèses!$C$6:$C$16,MATCH(H15,Hypothèses!$A$6:$A$16,1)),Hypothèses!$B$30),INDEX(Hypothèses!$C$6:$C$16,MATCH(H15,Hypothèses!$A$6:$A$16,1))) | J15: =H15/3600/I15 | K15: =IF(A15="CTA 4",Hypothèses!$B$25,IF(AND(A15="CTA 5",H15>4000),Hypothèses!$B$29,IF(H15<=2000,Hypothèses!$B$23,Hypothèses!$B$24))) | L15: =MAX(Hypothèses!$B$26,CEILING(J15/(K15/1000)*1000,Hypothèses!$B$27)) | M15: =L15*K15/1000000 | N15: =H15/3600/M15 | O15: =IF(N15<=I15,"oui","NON") | P15: =1.3*((L15/1000)*(K15/1000))^0.625/((L15/1000)+(K15/1000))^0.25 | Q15: =N15*P15/Hypothèses!$B$20 | R15: =0.25/(LOG10(Hypothèses!$B$21/(3.7*P15)+5.74/Q15^0.9))^2 | S15: =R15/P15*Hypothèses!$B$19*N15^2/2 | T15: =S15*G15*(1+Hypothèses!$B$22) | V15: =IF(K15<=Hypothèses!$B$28-100,"oui","NON")
A16: CTA 1 | B16: CTA1-S12 | C16: N01 | D16: Faux plafond couloir | E16: Soufflage | F16: HEB01 chambre | G16: 1.792 | H16: 630 | I16: =IF(A16="CTA 5",MIN(INDEX(Hypothèses!$C$6:$C$16,MATCH(H16,Hypothèses!$A$6:$A$16,1)),Hypothèses!$B$30),INDEX(Hypothèses!$C$6:$C$16,MATCH(H16,Hypothèses!$A$6:$A$16,1))) | J16: =H16/3600/I16 | K16: =IF(A16="CTA 4",Hypothèses!$B$25,IF(AND(A16="CTA 5",H16>4000),Hypothèses!$B$29,IF(H16<=2000,Hypothèses!$B$23,Hypothèses!$B$24))) | L16: =MAX(Hypothèses!$B$26,CEILING(J16/(K16/1000)*1000,Hypothèses!$B$27)) | M16: =L16*K16/1000000 | N16: =H16/3600/M16 | O16: =IF(N16<=I16,"oui","NON") | P16: =1.3*((L16/1000)*(K16/1000))^0.625/((L16/1000)+(K16/1000))^0.25 | Q16: =N16*P16/Hypothèses!$B$20 | R16: =0.25/(LOG10(Hypothèses!$B$21/(3.7*P16)+5.74/Q16^0.9))^2 | S16: =R16/P16*Hypothèses!$B$19*N16^2/2 | T16: =S16*G16*(1+Hypothèses!$B$22) | V16: =IF(K16<=Hypothèses!$B$28-100,"oui","NON")
A17: CTA 1 | B17: CTA1-S13 | C17: N01 | D17: Faux plafond couloir | E17: Soufflage | F17: HEB01 chambre | G17: 2.925 | H17: 540 | I17: =IF(A17="CTA 5",MIN(INDEX(Hypothèses!$C$6:$C$16,MATCH(H17,Hypothèses!$A$6:$A$16,1)),Hypothèses!$B$30),INDEX(Hypothèses!$C$6:$C$16,MATCH(H17,Hypothèses!$A$6:$A$16,1))) | J17: =H17/3600/I17 | K17: =IF(A17="CTA 4",Hypothèses!$B$25,IF(AND(A17="CTA 5",H17>4000),Hypothèses!$B$29,IF(H17<=2000,Hypothèses!$B$23,Hypothèses!$B$24))) | L17: =MAX(Hypothèses!$B$26,CEILING(J17/(K17/1000)*1000,Hypothèses!$B$27)) | M17: =L17*K17/1000000 | N17: =H17/3600/M17 | O17: =IF(N17<=I17,"oui","NON") | P17: =1.3*((L17/1000)*(K17/1000))^0.625/((L17/1000)+(K17/1000))^0.25 | Q17: =N17*P17/Hypothèses!$B$20 | R17: =0.25/(LOG10(Hypothèses!$B$21/(3.7*P17)+5.74/Q17^0.9))^2 | S17: =R17/P17*Hypothèses!$B$19*N17^2/2 | T17: =S17*G17*(1+Hypothèses!$B$22) | V17: =IF(K17<=Hypothèses!$B$28-100,"oui","NON")
A18: CTA 1 | B18: CTA1-S14 | C18: N01 | D18: Faux plafond couloir | E18: Soufflage | F18: HEB01 chambre | G18: 1.545 | H18: 540 | I18: =IF(A18="CTA 5",MIN(INDEX(Hypothèses!$C$6:$C$16,MATCH(H18,Hypothèses!$A$6:$A$16,1)),Hypothèses!$B$30),INDEX(Hypothèses!$C$6:$C$16,MATCH(H18,Hypothèses!$A$6:$A$16,1))) | J18: =H18/3600/I18 | K18: =IF(A18="CTA 4",Hypothèses!$B$25,IF(AND(A18="CTA 5",H18>4000),Hypothèses!$B$29,IF(H18<=2000,Hypothèses!$B$23,Hypothèses!$B$24))) | L18: =MAX(Hypothèses!$B$26,CEILING(J18/(K18/1000)*1000,Hypothèses!$B$27)) | M18: =L18*K18/1000000 | N18: =H18/3600/M18 | O18: =IF(N18<=I18,"oui","NON") | P18: =1.3*((L18/1000)*(K18/1000))^0.625/((L18/1000)+(K18/1000))^0.25 | Q18: =N18*P18/Hypothèses!$B$20 | R18: =0.25/(LOG10(Hypothèses!$B$21/(3.7*P18)+5.74/Q18^0.9))^2 | S18: =R18/P18*Hypothèses!$B$19*N18^2/2 | T18: =S18*G18*(1+Hypothèses!$B$22) | V18: =IF(K18<=Hypothèses!$B$28-100,"oui","NON")
A19: CTA 1 | B19: CTA1-S15 | C19: N01 | D19: Faux plafond couloir | E19: Soufflage | F19: HEB01 chambre | G19: 2.193 | H19: 450 | I19: =IF(A19="CTA 5",MIN(INDEX(Hypothèses!$C$6:$C$16,MATCH(H19,Hypothèses!$A$6:$A$16,1)),Hypothèses!$B$30),INDEX(Hypothèses!$C$6:$C$16,MATCH(H19,Hypothèses!$A$6:$A$16,1))) | J19: =H19/3600/I19 | K19: =IF(A19="CTA 4",Hypothèses!$B$25,IF(AND(A19="CTA 5",H19>4000),Hypothèses!$B$29,IF(H19<=2000,Hypothèses!$B$23,Hypothèses!$B$24))) | L19: =MAX(Hypothèses!$B$26,CEILING(J19/(K19/1000)*1000,Hypothèses!$B$27)) | M19: =L19*K19/1000000 | N19: =H19/3600/M19 | O19: =IF(N19<=I19,"oui","NON") | P19: =1.3*((L19/1000)*(K19/1000))^0.625/((L19/1000)+(K19/1000))^0.25 | Q19: =N19*P19/Hypothèses!$B$20 | R19: =0.25/(LOG10(Hypothèses!$B$21/(3.7*P19)+5.74/Q19^0.9))^2 | S19: =R19/P19*Hypothèses!$B$19*N19^2/2 | T19: =S19*G19*(1+Hypothèses!$B$22) | V19: =IF(K19<=Hypothèses!$B$28-100,"oui","NON")
A20: CTA 1 | B20: CTA1-S16 | C20: N01 | D20: Faux plafond couloir | E20: Soufflage | F20: HEB01 chambre | G20: 1.567 | H20: 270 | I20: =IF(A20="CTA 5",MIN(INDEX(Hypothèses!$C$6:$C$16,MATCH(H20,Hypothèses!$A$6:$A$16,1)),Hypothèses!$B$30),INDEX(Hypothèses!$C$6:$C$16,MATCH(H20,Hypothèses!$A$6:$A$16,1))) | J20: =H20/3600/I20 | K20: =IF(A20="CTA 4",Hypothèses!$B$25,IF(AND(A20="CTA 5",H20>4000),Hypothèses!$B$29,IF(H20<=2000,Hypothèses!$B$23,Hypothèses!$B$24))) | L20: =MAX(Hypothèses!$B$26,CEILING(J20/(K20/1000)*1000,Hypothèses!$B$27)) | M20: =L20*K20/1000000 | N20: =H20/3600/M20 | O20: =IF(N20<=I20,"oui","NON") | P20: =1.3*((L20/1000)*(K20/1000))^0.625/((L20/1000)+(K20/1000))^0.25 | Q20: =N20*P20/Hypothèses!$B$20 | R20: =0.25/(LOG10(Hypothèses!$B$21/(3.7*P20)+5.74/Q20^0.9))^2 | S20: =R20/P20*Hypothèses!$B$19*N20^2/2 | T20: =S20*G20*(1+Hypothèses!$B$22) | V20: =IF(K20<=Hypothèses!$B$28-100,"oui","NON")
... A22: CTA 1 | B22: CTA1-S18 | C22: N01 | D22: Faux plafond couloir | E22: Soufflage | F22: HEB01 chambre | G22: 1.633 | H22: 180 | I22: =IF(A22="CTA 5",MIN(INDEX(Hypothèses!$C$6:$C$16,MATCH(H22,Hypothèses!$A$6:$A$16,1)),Hypothèses!$B$30),INDEX(Hypothèses!$C$6:$C$16,MATCH(H22,Hypothèses!$A$6:$A$16,1))) | J22: =H22/3600/I22 | K22: =IF(A22="CTA 4",Hypothèses!$B$25,IF(AND(A22="CTA 5",H22>4000),Hypothèses!$B$29,IF(H22<=2000,Hypothèses!$B$23,Hypothèses!$B$24))) | L22: =MAX(Hypothèses!$B$26,CEILING(J22/(K22/1000)*1000,Hypothèses!$B$27)) | M22: =L22*K22/1000000 | N22: =H22/3600/M22 | O22: =IF(N22<=I22,"oui","NON") | P22: =1.3*((L22/1000)*(K22/1000))^0.625/((L22/1000)+(K22/1000))^0.25 | Q22: =N22*P22/Hypothèses!$B$20 | R22: =0.25/(LOG10(Hypothèses!$B$21/(3.7*P22)+5.74/Q22^0.9))^2 | S22: =R22/P22*Hypothèses!$B$19*N22^2/2 | T22: =S22*G22*(1+Hypothèses!$B$22) | V22: =IF(K22<=Hypothèses!$B$28-100,"oui","NON")
A23: CTA 1 | B23: CTA1-S19 | C23: N01 | D23: Faux plafond couloir | E23: Soufflage | G23: 1.427 | H23: 90 | I23: =IF(A23="CTA 5",MIN(INDEX(Hypothèses!$C$6:$C$16,MATCH(H23,Hypothèses!$A$6:$A$16,1)),Hypothèses!$B$30),INDEX(Hypothèses!$C$6:$C$16,MATCH(H23,Hypothèses!$A$6:$A$16,1))) | J23: =H23/3600/I23 | K23: =IF(A23="CTA 4",Hypothèses!$B$25,IF(AND(A23="CTA 5",H23>4000),Hypothèses!$B$29,IF(H23<=2000,Hypothèses!$B$23,Hypothèses!$B$24))) | L23: =MAX(Hypothèses!$B$26,CEILING(J23/(K23/1000)*1000,Hypothèses!$B$27)) | M23: =L23*K23/1000000 | N23: =H23/3600/M23 | O23: =IF(N23<=I23,"oui","NON") | P23: =1.3*((L23/1000)*(K23/1000))^0.625/((L23/1000)+(K23/1000))^0.25 | Q23: =N23*P23/Hypothèses!$B$20 | R23: =0.25/(LOG10(Hypothèses!$B$21/(3.7*P23)+5.74/Q23^0.9))^2 | S23: =R23/P23*Hypothèses!$B$19*N23^2/2 | T23: =S23*G23*(1+Hypothèses!$B$22) | V23: =IF(K23<=Hypothèses!$B$28-100,"oui","NON")
A24: CTA 1 | B24: CTA1-S20 | C24: N00 | D24: Faux plafond couloir | E24: Soufflage | G24: 2.45 | H24: 1260 | I24: =IF(A24="CTA 5",MIN(INDEX(Hypothèses!$C$6:$C$16,MATCH(H24,Hypothèses!$A$6:$A$16,1)),Hypothèses!$B$30),INDEX(Hypothèses!$C$6:$C$16,MATCH(H24,Hypothèses!$A$6:$A$16,1))) | J24: =H24/3600/I24 | K24: =IF(A24="CTA 4",Hypothèses!$B$25,IF(AND(A24="CTA 5",H24>4000),Hypothèses!$B$29,IF(H24<=2000,Hypothèses!$B$23,Hypothèses!$B$24))) | L24: =MAX(Hypothèses!$B$26,CEILING(J24/(K24/1000)*1000,Hypothèses!$B$27)) | M24: =L24*K24/1000000 | N24: =H24/3600/M24 | O24: =IF(N24<=I24,"oui","NON") | P24: =1.3*((L24/1000)*(K24/1000))^0.625/((L24/1000)+(K24/1000))^0.25 | Q24: =N24*P24/Hypothèses!$B$20 | R24: =0.25/(LOG10(Hypothèses!$B$21/(3.7*P24)+5.74/Q24^0.9))^2 | S24: =R24/P24*Hypothèses!$B$19*N24^2/2 | T24: =S24*G24*(1+Hypothèses!$B$22) | U24: X | V24: =IF(K24<=Hypothèses!$B$28-100,"oui","NON")
A25: CTA 1 | B25: CTA1-S21 | C25: N00 | D25: Faux plafond couloir | E25: Soufflage | F25: HEB01 chambre | G25: 1.3 | H25: 1260 | I25: =IF(A25="CTA 5",MIN(INDEX(Hypothèses!$C$6:$C$16,MATCH(H25,Hypothèses!$A$6:$A$16,1)),Hypothèses!$B$30),INDEX(Hypothèses!$C$6:$C$16,MATCH(H25,Hypothèses!$A$6:$A$16,1))) | J25: =H25/3600/I25 | K25: =IF(A25="CTA 4",Hypothèses!$B$25,IF(AND(A25="CTA 5",H25>4000),Hypothèses!$B$29,IF(H25<=2000,Hypothèses!$B$23,Hypothèses!$B$24))) | L25: =MAX(Hypothèses!$B$26,CEILING(J25/(K25/1000)*1000,Hypothèses!$B$27)) | M25: =L25*K25/1000000 | N25: =H25/3600/M25 | O25: =IF(N25<=I25,"oui","NON") | P25: =1.3*((L25/1000)*(K25/1000))^0.625/((L25/1000)+(K25/1000))^0.25 | Q25: =N25*P25/Hypothèses!$B$20 | R25: =0.25/(LOG10(Hypothèses!$B$21/(3.7*P25)+5.74/Q25^0.9))^2 | S25: =R25/P25*Hypothèses!$B$19*N25^2/2 | T25: =S25*G25*(1+Hypothèses!$B$22) | U25: X | V25: =IF(K25<=Hypothèses!$B$28-100,"oui","NON")
A26: CTA 1 | B26: CTA1-S22 | C26: N00 | D26: Faux plafond couloir | E26: Soufflage | F26: HEB01 chambre | G26: 2.25 | H26: 1170 | I26: =IF(A26="CTA 5",MIN(INDEX(Hypothèses!$C$6:$C$16,MATCH(H26,Hypothèses!$A$6:$A$16,1)),Hypothèses!$B$30),INDEX(Hypothèses!$C$6:$C$16,MATCH(H26,Hypothèses!$A$6:$A$16,1))) | J26: =H26/3600/I26 | K26: =IF(A26="CTA 4",Hypothèses!$B$25,IF(AND(A26="CTA 5",H26>4000),Hypothèses!$B$29,IF(H26<=2000,Hypothèses!$B$23,Hypothèses!$B$24))) | L26: =MAX(Hypothèses!$B$26,CEILING(J26/(K26/1000)*1000,Hypothèses!$B$27)) | M26: =L26*K26/1000000 | N26: =H26/3600/M26 | O26: =IF(N26<=I26,"oui","NON") | P26: =1.3*((L26/1000)*(K26/1000))^0.625/((L26/1000)+(K26/1000))^0.25 | Q26: =N26*P26/Hypothèses!$B$20 | R26: =0.25/(LOG10(Hypothèses!$B$21/(3.7*P26)+5.74/Q26^0.9))^2 | S26: =R26/P26*Hypothèses!$B$19*N26^2/2 | T26: =S26*G26*(1+Hypothèses!$B$22) | U26: X | V26: =IF(K26<=Hypothèses!$B$28-100,"oui","NON")
A27: CTA 1 | B27: CTA1-S23 | C27: N00 | D27: Faux plafond couloir | E27: Soufflage | F27: HEB01 chambre | G27: 3.551 | H27: 1080 | I27: =IF(A27="CTA 5",MIN(INDEX(Hypothèses!$C$6:$C$16,MATCH(H27,Hypothèses!$A$6:$A$16,1)),Hypothèses!$B$30),INDEX(Hypothèses!$C$6:$C$16,MATCH(H27,Hypothèses!$A$6:$A$16,1))) | J27: =H27/3600/I27 | K27: =IF(A27="CTA 4",Hypothèses!$B$25,IF(AND(A27="CTA 5",H27>4000),Hypothèses!$B$29,IF(H27<=2000,Hypothèses!$B$23,Hypothèses!$B$24))) | L27: =MAX(Hypothèses!$B$26,CEILING(J27/(K27/1000)*1000,Hypothèses!$B$27)) | M27: =L27*K27/1000000 | N27: =H27/3600/M27 | O27: =IF(N27<=I27,"oui","NON") | P27: =1.3*((L27/1000)*(K27/1000))^0.625/((L27/1000)+(K27/1000))^0.25 | Q27: =N27*P27/Hypothèses!$B$20 | R27: =0.25/(LOG10(Hypothèses!$B$21/(3.7*P27)+5.74/Q27^0.9))^2 | S27: =R27/P27*Hypothèses!$B$19*N27^2/2 | T27: =S27*G27*(1+Hypothèses!$B$22) | U27: X | V27: =IF(K27<=Hypothèses!$B$28-100,"oui","NON")
A28: CTA 1 | B28: CTA1-S24 | C28: N00 | D28: Faux plafond couloir | E28: Soufflage | F28: HEB01 chambre | G28: 0.842 | H28: 990 | I28: =IF(A28="CTA 5",MIN(INDEX(Hypothèses!$C$6:$C$16,MATCH(H28,Hypothèses!$A$6:$A$16,1)),Hypothèses!$B$30),INDEX(Hypothèses!$C$6:$C$16,MATCH(H28,Hypothèses!$A$6:$A$16,1))) | J28: =H28/3600/I28 | K28: =IF(A28="CTA 4",Hypothèses!$B$25,IF(AND(A28="CTA 5",H28>4000),Hypothèses!$B$29,IF(H28<=2000,Hypothèses!$B$23,Hypothèses!$B$24))) | L28: =MAX(Hypothèses!$B$26,CEILING(J28/(K28/1000)*1000,Hypothèses!$B$27)) | M28: =L28*K28/1000000 | N28: =H28/3600/M28 | O28: =IF(N28<=I28,"oui","NON") | P28: =1.3*((L28/1000)*(K28/1000))^0.625/((L28/1000)+(K28/1000))^0.25 | Q28: =N28*P28/Hypothèses!$B$20 | R28: =0.25/(LOG10(Hypothèses!$B$21/(3.7*P28)+5.74/Q28^0.9))^2 | S28: =R28/P28*Hypothèses!$B$19*N28^2/2 | T28: =S28*G28*(1+Hypothèses!$B$22) | U28: X | V28: =IF(K28<=Hypothèses!$B$28-100,"oui","NON")
A29: CTA 1 | B29: CTA1-S25 | C29: N00 | D29: Faux plafond couloir | E29: Soufflage | F29: HEB01 chambre | G29: 3.633 | H29: 900 | I29: =IF(A29="CTA 5",MIN(INDEX(Hypothèses!$C$6:$C$16,MATCH(H29,Hypothèses!$A$6:$A$16,1)),Hypothèses!$B$30),INDEX(Hypothèses!$C$6:$C$16,MATCH(H29,Hypothèses!$A$6:$A$16,1))) | J29: =H29/3600/I29 | K29: =IF(A29="CTA 4",Hypothèses!$B$25,IF(AND(A29="CTA 5",H29>4000),Hypothèses!$B$29,IF(H29<=2000,Hypothèses!$B$23,Hypothèses!$B$24))) | L29: =MAX(Hypothèses!$B$26,CEILING(J29/(K29/1000)*1000,Hypothèses!$B$27)) | M29: =L29*K29/1000000 | N29: =H29/3600/M29 | O29: =IF(N29<=I29,"oui","NON") | P29: =1.3*((L29/1000)*(K29/1000))^0.625/((L29/1000)+(K29/1000))^0.25 | Q29: =N29*P29/Hypothèses!$B$20 | R29: =0.25/(LOG10(Hypothèses!$B$21/(3.7*P29)+5.74/Q29^0.9))^2 | S29: =R29/P29*Hypothèses!$B$19*N29^2/2 | T29: =S29*G29*(1+Hypothèses!$B$22) | U29: X | V29: =IF(K29<=Hypothèses!$B$28-100,"oui","NON")
A30: CTA 1 | B30: CTA1-S26 | C30: N00 | D30: Faux plafond couloir | E30: Soufflage | F30: HEB01 ch. couple | G30: 0.412 | H30: 810 | I30: =IF(A30="CTA 5",MIN(INDEX(Hypothèses!$C$6:$C$16,MATCH(H30,Hypothèses!$A$6:$A$16,1)),Hypothèses!$B$30),INDEX(Hypothèses!$C$6:$C$16,MATCH(H30,Hypothèses!$A$6:$A$16,1))) | J30: =H30/3600/I30 | K30: =IF(A30="CTA 4",Hypothèses!$B$25,IF(AND(A30="CTA 5",H30>4000),Hypothèses!$B$29,IF(H30<=2000,Hypothèses!$B$23,Hypothèses!$B$24))) | L30: =MAX(Hypothèses!$B$26,CEILING(J30/(K30/1000)*1000,Hypothèses!$B$27)) | M30: =L30*K30/1000000 | N30: =H30/3600/M30 | O30: =IF(N30<=I30,"oui","NON") | P30: =1.3*((L30/1000)*(K30/1000))^0.625/((L30/1000)+(K30/1000))^0.25 | Q30: =N30*P30/Hypothèses!$B$20 | R30: =0.25/(LOG10(Hypothèses!$B$21/(3.7*P30)+5.74/Q30^0.9))^2 | S30: =R30/P30*Hypothèses!$B$19*N30^2/2 | T30: =S30*G30*(1+Hypothèses!$B$22) | U30: X | V30: =IF(K30<=Hypothèses!$B$28-100,"oui","NON")
A31: CTA 1 | B31: CTA1-S27 | C31: N00 | D31: Faux plafond couloir | E31: Soufflage | F31: HEB01 ch. couple | G31: 4.159 | H31: 720 | I31: =IF(A31="CTA 5",MIN(INDEX(Hypothèses!$C$6:$C$16,MATCH(H31,Hypothèses!$A$6:$A$16,1)),Hypothèses!$B$30),INDEX(Hypothèses!$C$6:$C$16,MATCH(H31,Hypothèses!$A$6:$A$16,1))) | J31: =H31/3600/I31 | K31: =IF(A31="CTA 4",Hypothèses!$B$25,IF(AND(A31="CTA 5",H31>4000),Hypothèses!$B$29,IF(H31<=2000,Hypothèses!$B$23,Hypothèses!$B$24))) | L31: =MAX(Hypothèses!$B$26,CEILING(J31/(K31/1000)*1000,Hypothèses!$B$27)) | M31: =L31*K31/1000000 | N31: =H31/3600/M31 | O31: =IF(N31<=I31,"oui","NON") | P31: =1.3*((L31/1000)*(K31/1000))^0.625/((L31/1000)+(K31/1000))^0.25 | Q31: =N31*P31/Hypothèses!$B$20 | R31: =0.25/(LOG10(Hypothèses!$B$21/(3.7*P31)+5.74/Q31^0.9))^2 | S31: =R31/P31*Hypothèses!$B$19*N31^2/2 | T31: =S31*G31*(1+Hypothèses!$B$22) | U31: X | V31: =IF(K31<=Hypothèses!$B$28-100,"oui","NON")
A32: CTA 1 | B32: CTA1-S28 | C32: N00 | D32: Faux plafond couloir | E32: Soufflage | F32: HEB01 chambre | G32: 1.823 | H32: 720 | I32: =IF(A32="CTA 5",MIN(INDEX(Hypothèses!$C$6:$C$16,MATCH(H32,Hypothèses!$A$6:$A$16,1)),Hypothèses!$B$30),INDEX(Hypothèses!$C$6:$C$16,MATCH(H32,Hypothèses!$A$6:$A$16,1))) | J32: =H32/3600/I32 | K32: =IF(A32="CTA 4",Hypothèses!$B$25,IF(AND(A32="CTA 5",H32>4000),Hypothèses!$B$29,IF(H32<=2000,Hypothèses!$B$23,Hypothèses!$B$24))) | L32: =MAX(Hypothèses!$B$26,CEILING(J32/(K32/1000)*1000,Hypothèses!$B$27)) | M32: =L32*K32/1000000 | N32: =H32/3600/M32 | O32: =IF(N32<=I32,"oui","NON") | P32: =1.3*((L32/1000)*(K32/1000))^0.625/((L32/1000)+(K32/1000))^0.25 | Q32: =N32*P32/Hypothèses!$B$20 | R32: =0.25/(LOG10(Hypothèses!$B$21/(3.7*P32)+5.74/Q32^0.9))^2 | S32: =R32/P32*Hypothèses!$B$19*N32^2/2 | T32: =S32*G32*(1+Hypothèses!$B$22) | U32: X | V32: =IF(K32<=Hypothèses!$B$28-100,"oui","NON")
A33: CTA 1 | B33: CTA1-S29 | C33: N00 | D33: Faux plafond couloir | E33: Soufflage | F33: HEB01 chambre | G33: 2.927 | H33: 540 | I33: =IF(A33="CTA 5",MIN(INDEX(Hypothèses!$C$6:$C$16,MATCH(H33,Hypothèses!$A$6:$A$16,1)),Hypothèses!$B$30),INDEX(Hypothèses!$C$6:$C$16,MATCH(H33,Hypothèses!$A$6:$A$16,1))) | J33: =H33/3600/I33 | K33: =IF(A33="CTA 4",Hypothèses!$B$25,IF(AND(A33="CTA 5",H33>4000),Hypothèses!$B$29,IF(H33<=2000,Hypothèses!$B$23,Hypothèses!$B$24))) | L33: =MAX(Hypothèses!$B$26,CEILING(J33/(K33/1000)*1000,Hypothèses!$B$27)) | M33: =L33*K33/1000000 | N33: =H33/3600/M33 | O33: =IF(N33<=I33,"oui","NON") | P33: =1.3*((L33/1000)*(K33/1000))^0.625/((L33/1000)+(K33/1000))^0.25 | Q33: =N33*P33/Hypothèses!$B$20 | R33: =0.25/(LOG10(Hypothèses!$B$21/(3.7*P33)+5.74/Q33^0.9))^2 | S33: =R33/P33*Hypothèses!$B$19*N33^2/2 | T33: =S33*G33*(1+Hypothèses!$B$22) | U33: X | V33: =IF(K33<=Hypothèses!$B$28-100,"oui","NON")
A34: CTA 1 | B34: CTA1-S30 | C34: N00 | D34: Faux plafond couloir | E34: Soufflage | F34: HEB01 chambre | G34: 1.542 | H34: 540 | I34: =IF(A34="CTA 5",MIN(INDEX(Hypothèses!$C$6:$C$16,MATCH(H34,Hypothèses!$A$6:$A$16,1)),Hypothèses!$B$30),INDEX(Hypothèses!$C$6:$C$16,MATCH(H34,Hypothèses!$A$6:$A$16,1))) | J34: =H34/3600/I34 | K34: =IF(A34="CTA 4",Hypothèses!$B$25,IF(AND(A34="CTA 5",H34>4000),Hypothèses!$B$29,IF(H34<=2000,Hypothèses!$B$23,Hypothèses!$B$24))) | L34: =MAX(Hypothèses!$B$26,CEILING(J34/(K34/1000)*1000,Hypothèses!$B$27)) | M34: =L34*K34/1000000 | N34: =H34/3600/M34 | O34: =IF(N34<=I34,"oui","NON") | P34: =1.3*((L34/1000)*(K34/1000))^0.625/((L34/1000)+(K34/1000))^0.25 | Q34: =N34*P34/Hypothèses!$B$20 | R34: =0.25/(LOG10(Hypothèses!$B$21/(3.7*P34)+5.74/Q34^0.9))^2 | S34: =R34/P34*Hypothèses!$B$19*N34^2/2 | T34: =S34*G34*(1+Hypothèses!$B$22) | U34: X | V34: =IF(K34<=Hypothèses!$B$28-100,"oui","NON")
A35: CTA 1 | B35: CTA1-S31 | C35: N00 | D35: Faux plafond couloir | E35: Soufflage | F35: HEB01 chambre | G35: 2.192 | H35: 450 | I35: =IF(A35="CTA 5",MIN(INDEX(Hypothèses!$C$6:$C$16,MATCH(H35,Hypothèses!$A$6:$A$16,1)),Hypothèses!$B$30),INDEX(Hypothèses!$C$6:$C$16,MATCH(H35,Hypothèses!$A$6:$A$16,1))) | J35: =H35/3600/I35 | K35: =IF(A35="CTA 4",Hypothèses!$B$25,IF(AND(A35="CTA 5",H35>4000),Hypothèses!$B$29,IF(H35<=2000,Hypothèses!$B$23,Hypothèses!$B$24))) | L35: =MAX(Hypothèses!$B$26,CEILING(J35/(K35/1000)*1000,Hypothèses!$B$27)) | M35: =L35*K35/1000000 | N35: =H35/3600/M35 | O35: =IF(N35<=I35,"oui","NON") | P35: =1.3*((L35/1000)*(K35/1000))^0.625/((L35/1000)+(K35/1000))^0.25 | Q35: =N35*P35/Hypothèses!$B$20 | R35: =0.25/(LOG10(Hypothèses!$B$21/(3.7*P35)+5.74/Q35^0.9))^2 | S35: =R35/P35*Hypothèses!$B$19*N35^2/2 | T35: =S35*G35*(1+Hypothèses!$B$22) | U35: X | V35: =IF(K35<=Hypothèses!$B$28-100,"oui","NON")
A36: CTA 1 | B36: CTA1-S32 | C36: N00 | D36: Faux plafond couloir | E36: Soufflage | F36: HEB01 chambre | G36: 1.57 | H36: 270 | I36: =IF(A36="CTA 5",MIN(INDEX(Hypothèses!$C$6:$C$16,MATCH(H36,Hypothèses!$A$6:$A$16,1)),Hypothèses!$B$30),INDEX(Hypothèses!$C$6:$C$16,MATCH(H36,Hypothèses!$A$6:$A$16,1))) | J36: =H36/3600/I36 | K36: =IF(A36="CTA 4",Hypothèses!$B$25,IF(AND(A36="CTA 5",H36>4000),Hypothèses!$B$29,IF(H36<=2000,Hypothèses!$B$23,Hypothèses!$B$24))) | L36: =MAX(Hypothèses!$B$26,CEILING(J36/(K36/1000)*1000,Hypothèses!$B$27)) | M36: =L36*K36/1000000 | N36: =H36/3600/M36 | O36: =IF(N36<=I36,"oui","NON") | P36: =1.3*((L36/1000)*(K36/1000))^0.625/((L36/1000)+(K36/1000))^0.25 | Q36: =N36*P36/Hypothèses!$B$20 | R36: =0.25/(LOG10(Hypothèses!$B$21/(3.7*P36)+5.74/Q36^0.9))^2 | S36: =R36/P36*Hypothèses!$B$19*N36^2/2 | T36: =S36*G36*(1+Hypothèses!$B$22) | U36: X | V36: =IF(K36<=Hypothèses!$B$28-100,"oui","NON")
... A38: CTA 1 | B38: CTA1-S34 | C38: N00 | D38: Faux plafond couloir | E38: Soufflage | F38: HEB01 chambre | G38: 1.634 | H38: 180 | I38: =IF(A38="CTA 5",MIN(INDEX(Hypothèses!$C$6:$C$16,MATCH(H38,Hypothèses!$A$6:$A$16,1)),Hypothèses!$B$30),INDEX(Hypothèses!$C$6:$C$16,MATCH(H38,Hypothèses!$A$6:$A$16,1))) | J38: =H38/3600/I38 | K38: =IF(A38="CTA 4",Hypothèses!$B$25,IF(AND(A38="CTA 5",H38>4000),Hypothèses!$B$29,IF(H38<=2000,Hypothèses!$B$23,Hypothèses!$B$24))) | L38: =MAX(Hypothèses!$B$26,CEILING(J38/(K38/1000)*1000,Hypothèses!$B$27)) | M38: =L38*K38/1000000 | N38: =H38/3600/M38 | O38: =IF(N38<=I38,"oui","NON") | P38: =1.3*((L38/1000)*(K38/1000))^0.625/((L38/1000)+(K38/1000))^0.25 | Q38: =N38*P38/Hypothèses!$B$20 | R38: =0.25/(LOG10(Hypothèses!$B$21/(3.7*P38)+5.74/Q38^0.9))^2 | S38: =R38/P38*Hypothèses!$B$19*N38^2/2 | T38: =S38*G38*(1+Hypothèses!$B$22) | U38: X | V38: =IF(K38<=Hypothèses!$B$28-100,"oui","NON")
A39: CTA 1 | B39: CTA1-S35 | C39: N00 | D39: Faux plafond couloir | E39: Soufflage | G39: 1.427 | H39: 90 | I39: =IF(A39="CTA 5",MIN(INDEX(Hypothèses!$C$6:$C$16,MATCH(H39,Hypothèses!$A$6:$A$16,1)),Hypothèses!$B$30),INDEX(Hypothèses!$C$6:$C$16,MATCH(H39,Hypothèses!$A$6:$A$16,1))) | J39: =H39/3600/I39 | K39: =IF(A39="CTA 4",Hypothèses!$B$25,IF(AND(A39="CTA 5",H39>4000),Hypothèses!$B$29,IF(H39<=2000,Hypothèses!$B$23,Hypothèses!$B$24))) | L39: =MAX(Hypothèses!$B$26,CEILING(J39/(K39/1000)*1000,Hypothèses!$B$27)) | M39: =L39*K39/1000000 | N39: =H39/3600/M39 | O39: =IF(N39<=I39,"oui","NON") | P39: =1.3*((L39/1000)*(K39/1000))^0.625/((L39/1000)+(K39/1000))^0.25 | Q39: =N39*P39/Hypothèses!$B$20 | R39: =0.25/(LOG10(Hypothèses!$B$21/(3.7*P39)+5.74/Q39^0.9))^2 | S39: =R39/P39*Hypothèses!$B$19*N39^2/2 | T39: =S39*G39*(1+Hypothèses!$B$22) | U39: X | V39: =IF(K39<=Hypothèses!$B$28-100,"oui","NON")
A40: CTA 1 | B40: CTA1-R36 | C40: Toiture | D40: Toiture (CTA → descente) | E40: Reprise | F40: Sortie CTA → descente (trémie en toiture) | G40: 3 | H40: 2520 | I40: =IF(A40="CTA 5",MIN(INDEX(Hypothèses!$C$6:$C$16,MATCH(H40,Hypothèses!$A$6:$A$16,1)),Hypothèses!$B$30),INDEX(Hypothèses!$C$6:$C$16,MATCH(H40,Hypothèses!$A$6:$A$16,1))) | J40: =H40/3600/I40 | K40: =IF(A40="CTA 4",Hypothèses!$B$25,IF(AND(A40="CTA 5",H40>4000),Hypothèses!$B$29,IF(H40<=2000,Hypothèses!$B$23,Hypothèses!$B$24))) | L40: =MAX(Hypothèses!$B$26,CEILING(J40/(K40/1000)*1000,Hypothèses!$B$27)) | M40: =L40*K40/1000000 | N40: =H40/3600/M40 | O40: =IF(N40<=I40,"oui","NON") | P40: =1.3*((L40/1000)*(K40/1000))^0.625/((L40/1000)+(K40/1000))^0.25 | Q40: =N40*P40/Hypothèses!$B$20 | R40: =0.25/(LOG10(Hypothèses!$B$21/(3.7*P40)+5.74/Q40^0.9))^2 | S40: =R40/P40*Hypothèses!$B$19*N40^2/2 | T40: =S40*G40*(1+Hypothèses!$B$22) | U40: X | V40: –
A41: CTA 1 | B41: CTA1-R37 | C41: N01 | D41: Descente verticale | E41: Reprise | F41: Gaine verticale : toiture → plénum étage | G41: 2.13 | H41: 2520 | I41: =IF(A41="CTA 5",MIN(INDEX(Hypothèses!$C$6:$C$16,MATCH(H41,Hypothèses!$A$6:$A$16,1)),Hypothèses!$B$30),INDEX(Hypothèses!$C$6:$C$16,MATCH(H41,Hypothèses!$A$6:$A$16,1))) | J41: =H41/3600/I41 | K41: =IF(A41="CTA 4",Hypothèses!$B$25,IF(AND(A41="CTA 5",H41>4000),Hypothèses!$B$29,IF(H41<=2000,Hypothèses!$B$23,Hypothèses!$B$24))) | L41: =MAX(Hypothèses!$B$26,CEILING(J41/(K41/1000)*1000,Hypothèses!$B$27)) | M41: =L41*K41/1000000 | N41: =H41/3600/M41 | O41: =IF(N41<=I41,"oui","NON") | P41: =1.3*((L41/1000)*(K41/1000))^0.625/((L41/1000)+(K41/1000))^0.25 | Q41: =N41*P41/Hypothèses!$B$20 | R41: =0.25/(LOG10(Hypothèses!$B$21/(3.7*P41)+5.74/Q41^0.9))^2 | S41: =R41/P41*Hypothèses!$B$19*N41^2/2 | T41: =S41*G41*(1+Hypothèses!$B$22) | U41: X | V41: –
A42: CTA 1 | B42: CTA1-R38 | C42: N00 | D42: Descente verticale | E42: Reprise | F42: Gaine verticale : étage → plénum RDC | G42: 3.36 | H42: 1260 | I42: =IF(A42="CTA 5",MIN(INDEX(Hypothèses!$C$6:$C$16,MATCH(H42,Hypothèses!$A$6:$A$16,1)),Hypothèses!$B$30),INDEX(Hypothèses!$C$6:$C$16,MATCH(H42,Hypothèses!$A$6:$A$16,1))) | J42: =H42/3600/I42 | K42: =IF(A42="CTA 4",Hypothèses!$B$25,IF(AND(A42="CTA 5",H42>4000),Hypothèses!$B$29,IF(H42<=2000,Hypothèses!$B$23,Hypothèses!$B$24))) | L42: =MAX(Hypothèses!$B$26,CEILING(J42/(K42/1000)*1000,Hypothèses!$B$27)) | M42: =L42*K42/1000000 | N42: =H42/3600/M42 | O42: =IF(N42<=I42,"oui","NON") | P42: =1.3*((L42/1000)*(K42/1000))^0.625/((L42/1000)+(K42/1000))^0.25 | Q42: =N42*P42/Hypothèses!$B$20 | R42: =0.25/(LOG10(Hypothèses!$B$21/(3.7*P42)+5.74/Q42^0.9))^2 | S42: =R42/P42*Hypothèses!$B$19*N42^2/2 | T42: =S42*G42*(1+Hypothèses!$B$22) | U42: X | V42: –
A43: CTA 1 | B43: CTA1-R39 | C43: N01 | D43: Faux plafond couloir | E43: Reprise | G43: 1.6 | H43: 1260 | I43: =IF(A43="CTA 5",MIN(INDEX(Hypothèses!$C$6:$C$16,MATCH(H43,Hypothèses!$A$6:$A$16,1)),Hypothèses!$B$30),INDEX(Hypothèses!$C$6:$C$16,MATCH(H43,Hypothèses!$A$6:$A$16,1))) | J43: =H43/3600/I43 | K43: =IF(A43="CTA 4",Hypothèses!$B$25,IF(AND(A43="CTA 5",H43>4000),Hypothèses!$B$29,IF(H43<=2000,Hypothèses!$B$23,Hypothèses!$B$24))) | L43: =MAX(Hypothèses!$B$26,CEILING(J43/(K43/1000)*1000,Hypothèses!$B$27)) | M43: =L43*K43/1000000 | N43: =H43/3600/M43 | O43: =IF(N43<=I43,"oui","NON") | P43: =1.3*((L43/1000)*(K43/1000))^0.625/((L43/1000)+(K43/1000))^0.25 | Q43: =N43*P43/Hypothèses!$B$20 | R43: =0.25/(LOG10(Hypothèses!$B$21/(3.7*P43)+5.74/Q43^0.9))^2 | S43: =R43/P43*Hypothèses!$B$19*N43^2/2 | T43: =S43*G43*(1+Hypothèses!$B$22) | V43: =IF(K43<=Hypothèses!$B$28-100,"oui","NON")
A44: CTA 1 | B44: CTA1-R40 | C44: N01 | D44: Faux plafond couloir | E44: Reprise | F44: HEB01 chambre | G44: 1.3 | H44: 1260 | I44: =IF(A44="CTA 5",MIN(INDEX(Hypothèses!$C$6:$C$16,MATCH(H44,Hypothèses!$A$6:$A$16,1)),Hypothèses!$B$30),INDEX(Hypothèses!$C$6:$C$16,MATCH(H44,Hypothèses!$A$6:$A$16,1))) | J44: =H44/3600/I44 | K44: =IF(A44="CTA 4",Hypothèses!$B$25,IF(AND(A44="CTA 5",H44>4000),Hypothèses!$B$29,IF(H44<=2000,Hypothèses!$B$23,Hypothèses!$B$24))) | L44: =MAX(Hypothèses!$B$26,CEILING(J44/(K44/1000)*1000,Hypothèses!$B$27)) | M44: =L44*K44/1000000 | N44: =H44/3600/M44 | O44: =IF(N44<=I44,"oui","NON") | P44: =1.3*((L44/1000)*(K44/1000))^0.625/((L44/1000)+(K44/1000))^0.25 | Q44: =N44*P44/Hypothèses!$B$20 | R44: =0.25/(LOG10(Hypothèses!$B$21/(3.7*P44)+5.74/Q44^0.9))^2 | S44: =R44/P44*Hypothèses!$B$19*N44^2/2 | T44: =S44*G44*(1+Hypothèses!$B$22) | V44: =IF(K44<=Hypothèses!$B$28-100,"oui","NON")
A45: CTA 1 | B45: CTA1-R41 | C45: N01 | D45: Faux plafond couloir | E45: Reprise | F45: HEB01 chambre | G45: 1.45 | H45: 1170 | I45: =IF(A45="CTA 5",MIN(INDEX(Hypothèses!$C$6:$C$16,MATCH(H45,Hypothèses!$A$6:$A$16,1)),Hypothèses!$B$30),INDEX(Hypothèses!$C$6:$C$16,MATCH(H45,Hypothèses!$A$6:$A$16,1))) | J45: =H45/3600/I45 | K45: =IF(A45="CTA 4",Hypothèses!$B$25,IF(AND(A45="CTA 5",H45>4000),Hypothèses!$B$29,IF(H45<=2000,Hypothèses!$B$23,Hypothèses!$B$24))) | L45: =MAX(Hypothèses!$B$26,CEILING(J45/(K45/1000)*1000,Hypothèses!$B$27)) | M45: =L45*K45/1000000 | N45: =H45/3600/M45 | O45: =IF(N45<=I45,"oui","NON") | P45: =1.3*((L45/1000)*(K45/1000))^0.625/((L45/1000)+(K45/1000))^0.25 | Q45: =N45*P45/Hypothèses!$B$20 | R45: =0.25/(LOG10(Hypothèses!$B$21/(3.7*P45)+5.74/Q45^0.9))^2 | S45: =R45/P45*Hypothèses!$B$19*N45^2/2 | T45: =S45*G45*(1+Hypothèses!$B$22) | V45: =IF(K45<=Hypothèses!$B$28-100,"oui","NON")
A46: CTA 1 | B46: CTA1-R42 | C46: N01 | D46: Faux plafond couloir | E46: Reprise | F46: HEB01 chambre | G46: 3.551 | H46: 1170 | I46: =IF(A46="CTA 5",MIN(INDEX(Hypothèses!$C$6:$C$16,MATCH(H46,Hypothèses!$A$6:$A$16,1)),Hypothèses!$B$30),INDEX(Hypothèses!$C$6:$C$16,MATCH(H46,Hypothèses!$A$6:$A$16,1))) | J46: =H46/3600/I46 | K46: =IF(A46="CTA 4",Hypothèses!$B$25,IF(AND(A46="CTA 5",H46>4000),Hypothèses!$B$29,IF(H46<=2000,Hypothèses!$B$23,Hypothèses!$B$24))) | L46: =MAX(Hypothèses!$B$26,CEILING(J46/(K46/1000)*1000,Hypothèses!$B$27)) | M46: =L46*K46/1000000 | N46: =H46/3600/M46 | O46: =IF(N46<=I46,"oui","NON") | P46: =1.3*((L46/1000)*(K46/1000))^0.625/((L46/1000)+(K46/1000))^0.25 | Q46: =N46*P46/Hypothèses!$B$20 | R46: =0.25/(LOG10(Hypothèses!$B$21/(3.7*P46)+5.74/Q46^0.9))^2 | S46: =R46/P46*Hypothèses!$B$19*N46^2/2 | T46: =S46*G46*(1+Hypothèses!$B$22) | V46: =IF(K46<=Hypothèses!$B$28-100,"oui","NON")
A47: CTA 1 | B47: CTA1-R43 | C47: N01 | D47: Faux plafond couloir | E47: Reprise | F47: HEB01 chambre | G47: 0.842 | H47: 990 | I47: =IF(A47="CTA 5",MIN(INDEX(Hypothèses!$C$6:$C$16,MATCH(H47,Hypothèses!$A$6:$A$16,1)),Hypothèses!$B$30),INDEX(Hypothèses!$C$6:$C$16,MATCH(H47,Hypothèses!$A$6:$A$16,1))) | J47: =H47/3600/I47 | K47: =IF(A47="CTA 4",Hypothèses!$B$25,IF(AND(A47="CTA 5",H47>4000),Hypothèses!$B$29,IF(H47<=2000,Hypothèses!$B$23,Hypothèses!$B$24))) | L47: =MAX(Hypothèses!$B$26,CEILING(J47/(K47/1000)*1000,Hypothèses!$B$27)) | M47: =L47*K47/1000000 | N47: =H47/3600/M47 | O47: =IF(N47<=I47,"oui","NON") | P47: =1.3*((L47/1000)*(K47/1000))^0.625/((L47/1000)+(K47/1000))^0.25 | Q47: =N47*P47/Hypothèses!$B$20 | R47: =0.25/(LOG10(Hypothèses!$B$21/(3.7*P47)+5.74/Q47^0.9))^2 | S47: =R47/P47*Hypothèses!$B$19*N47^2/2 | T47: =S47*G47*(1+Hypothèses!$B$22) | V47: =IF(K47<=Hypothèses!$B$28-100,"oui","NON")
A48: CTA 1 | B48: CTA1-R44 | C48: N01 | D48: Faux plafond couloir | E48: Reprise | F48: HEB01 chambre | G48: 3.633 | H48: 900 | I48: =IF(A48="CTA 5",MIN(INDEX(Hypothèses!$C$6:$C$16,MATCH(H48,Hypothèses!$A$6:$A$16,1)),Hypothèses!$B$30),INDEX(Hypothèses!$C$6:$C$16,MATCH(H48,Hypothèses!$A$6:$A$16,1))) | J48: =H48/3600/I48 | K48: =IF(A48="CTA 4",Hypothèses!$B$25,IF(AND(A48="CTA 5",H48>4000),Hypothèses!$B$29,IF(H48<=2000,Hypothèses!$B$23,Hypothèses!$B$24))) | L48: =MAX(Hypothèses!$B$26,CEILING(J48/(K48/1000)*1000,Hypothèses!$B$27)) | M48: =L48*K48/1000000 | N48: =H48/3600/M48 | O48: =IF(N48<=I48,"oui","NON") | P48: =1.3*((L48/1000)*(K48/1000))^0.625/((L48/1000)+(K48/1000))^0.25 | Q48: =N48*P48/Hypothèses!$B$20 | R48: =0.25/(LOG10(Hypothèses!$B$21/(3.7*P48)+5.74/Q48^0.9))^2 | S48: =R48/P48*Hypothèses!$B$19*N48^2/2 | T48: =S48*G48*(1+Hypothèses!$B$22) | V48: =IF(K48<=Hypothèses!$B$28-100,"oui","NON")
A49: CTA 1 | B49: CTA1-R45 | C49: N01 | D49: Faux plafond couloir | E49: Reprise | F49: HEB01 ch. couple | G49: 0.411 | H49: 810 | I49: =IF(A49="CTA 5",MIN(INDEX(Hypothèses!$C$6:$C$16,MATCH(H49,Hypothèses!$A$6:$A$16,1)),Hypothèses!$B$30),INDEX(Hypothèses!$C$6:$C$16,MATCH(H49,Hypothèses!$A$6:$A$16,1))) | J49: =H49/3600/I49 | K49: =IF(A49="CTA 4",Hypothèses!$B$25,IF(AND(A49="CTA 5",H49>4000),Hypothèses!$B$29,IF(H49<=2000,Hypothèses!$B$23,Hypothèses!$B$24))) | L49: =MAX(Hypothèses!$B$26,CEILING(J49/(K49/1000)*1000,Hypothèses!$B$27)) | M49: =L49*K49/1000000 | N49: =H49/3600/M49 | O49: =IF(N49<=I49,"oui","NON") | P49: =1.3*((L49/1000)*(K49/1000))^0.625/((L49/1000)+(K49/1000))^0.25 | Q49: =N49*P49/Hypothèses!$B$20 | R49: =0.25/(LOG10(Hypothèses!$B$21/(3.7*P49)+5.74/Q49^0.9))^2 | S49: =R49/P49*Hypothèses!$B$19*N49^2/2 | T49: =S49*G49*(1+Hypothèses!$B$22) | V49: =IF(K49<=Hypothèses!$B$28-100,"oui","NON")
A50: CTA 1 | B50: CTA1-R46 | C50: N01 | D50: Faux plafond couloir | E50: Reprise | F50: HEB01 ch. couple | G50: 4.19 | H50: 810 | I50: =IF(A50="CTA 5",MIN(INDEX(Hypothèses!$C$6:$C$16,MATCH(H50,Hypothèses!$A$6:$A$16,1)),Hypothèses!$B$30),INDEX(Hypothèses!$C$6:$C$16,MATCH(H50,Hypothèses!$A$6:$A$16,1))) | J50: =H50/3600/I50 | K50: =IF(A50="CTA 4",Hypothèses!$B$25,IF(AND(A50="CTA 5",H50>4000),Hypothèses!$B$29,IF(H50<=2000,Hypothèses!$B$23,Hypothèses!$B$24))) | L50: =MAX(Hypothèses!$B$26,CEILING(J50/(K50/1000)*1000,Hypothèses!$B$27)) | M50: =L50*K50/1000000 | N50: =H50/3600/M50 | O50: =IF(N50<=I50,"oui","NON") | P50: =1.3*((L50/1000)*(K50/1000))^0.625/((L50/1000)+(K50/1000))^0.25 | Q50: =N50*P50/Hypothèses!$B$20 | R50: =0.25/(LOG10(Hypothèses!$B$21/(3.7*P50)+5.74/Q50^0.9))^2 | S50: =R50/P50*Hypothèses!$B$19*N50^2/2 | T50: =S50*G50*(1+Hypothèses!$B$22) | V50: =IF(K50<=Hypothèses!$B$28-100,"oui","NON")
A51: CTA 1 | B51: CTA1-R47 | C51: N01 | D51: Faux plafond couloir | E51: Reprise | F51: HEB01 chambre | G51: 1.792 | H51: 630 | I51: =IF(A51="CTA 5",MIN(INDEX(Hypothèses!$C$6:$C$16,MATCH(H51,Hypothèses!$A$6:$A$16,1)),Hypothèses!$B$30),INDEX(Hypothèses!$C$6:$C$16,MATCH(H51,Hypothèses!$A$6:$A$16,1))) | J51: =H51/3600/I51 | K51: =IF(A51="CTA 4",Hypothèses!$B$25,IF(AND(A51="CTA 5",H51>4000),Hypothèses!$B$29,IF(H51<=2000,Hypothèses!$B$23,Hypothèses!$B$24))) | L51: =MAX(Hypothèses!$B$26,CEILING(J51/(K51/1000)*1000,Hypothèses!$B$27)) | M51: =L51*K51/1000000 | N51: =H51/3600/M51 | O51: =IF(N51<=I51,"oui","NON") | P51: =1.3*((L51/1000)*(K51/1000))^0.625/((L51/1000)+(K51/1000))^0.25 | Q51: =N51*P51/Hypothèses!$B$20 | R51: =0.25/(LOG10(Hypothèses!$B$21/(3.7*P51)+5.74/Q51^0.9))^2 | S51: =R51/P51*Hypothèses!$B$19*N51^2/2 | T51: =S51*G51*(1+Hypothèses!$B$22) | V51: =IF(K51<=Hypothèses!$B$28-100,"oui","NON")
A52: CTA 1 | B52: CTA1-R48 | C52: N01 | D52: Faux plafond couloir | E52: Reprise | F52: HEB01 chambre | G52: 2.925 | H52: 540 | I52: =IF(A52="CTA 5",MIN(INDEX(Hypothèses!$C$6:$C$16,MATCH(H52,Hypothèses!$A$6:$A$16,1)),Hypothèses!$B$30),INDEX(Hypothèses!$C$6:$C$16,MATCH(H52,Hypothèses!$A$6:$A$16,1))) | J52: =H52/3600/I52 | K52: =IF(A52="CTA 4",Hypothèses!$B$25,IF(AND(A52="CTA 5",H52>4000),Hypothèses!$B$29,IF(H52<=2000,Hypothèses!$B$23,Hypothèses!$B$24))) | L52: =MAX(Hypothèses!$B$26,CEILING(J52/(K52/1000)*1000,Hypothèses!$B$27)) | M52: =L52*K52/1000000 | N52: =H52/3600/M52 | O52: =IF(N52<=I52,"oui","NON") | P52: =1.3*((L52/1000)*(K52/1000))^0.625/((L52/1000)+(K52/1000))^0.25 | Q52: =N52*P52/Hypothèses!$B$20 | R52: =0.25/(LOG10(Hypothèses!$B$21/(3.7*P52)+5.74/Q52^0.9))^2 | S52: =R52/P52*Hypothèses!$B$19*N52^2/2 | T52: =S52*G52*(1+Hypothèses!$B$22) | V52: =IF(K52<=Hypothèses!$B$28-100,"oui","NON")
A53: CTA 1 | B53: CTA1-R49 | C53: N01 | D53: Faux plafond couloir | E53: Reprise | F53: HEB01 chambre | G53: 1.545 | H53: 540 | I53: =IF(A53="CTA 5",MIN(INDEX(Hypothèses!$C$6:$C$16,MATCH(H53,Hypothèses!$A$6:$A$16,1)),Hypothèses!$B$30),INDEX(Hypothèses!$C$6:$C$16,MATCH(H53,Hypothèses!$A$6:$A$16,1))) | J53: =H53/3600/I53 | K53: =IF(A53="CTA 4",Hypothèses!$B$25,IF(AND(A53="CTA 5",H53>4000),Hypothèses!$B$29,IF(H53<=2000,Hypothèses!$B$23,Hypothèses!$B$24))) | L53: =MAX(Hypothèses!$B$26,CEILING(J53/(K53/1000)*1000,Hypothèses!$B$27)) | M53: =L53*K53/1000000 | N53: =H53/3600/M53 | O53: =IF(N53<=I53,"oui","NON") | P53: =1.3*((L53/1000)*(K53/1000))^0.625/((L53/1000)+(K53/1000))^0.25 | Q53: =N53*P53/Hypothèses!$B$20 | R53: =0.25/(LOG10(Hypothèses!$B$21/(3.7*P53)+5.74/Q53^0.9))^2 | S53: =R53/P53*Hypothèses!$B$19*N53^2/2 | T53: =S53*G53*(1+Hypothèses!$B$22) | V53: =IF(K53<=Hypothèses!$B$28-100,"oui","NON")
A54: CTA 1 | B54: CTA1-R50 | C54: N01 | D54: Faux plafond couloir | E54: Reprise | F54: HEB01 chambre | G54: 2.193 | H54: 450 | I54: =IF(A54="CTA 5",MIN(INDEX(Hypothèses!$C$6:$C$16,MATCH(H54,Hypothèses!$A$6:$A$16,1)),Hypothèses!$B$30),INDEX(Hypothèses!$C$6:$C$16,MATCH(H54,Hypothèses!$A$6:$A$16,1))) | J54: =H54/3600/I54 | K54: =IF(A54="CTA 4",Hypothèses!$B$25,IF(AND(A54="CTA 5",H54>4000),Hypothèses!$B$29,IF(H54<=2000,Hypothèses!$B$23,Hypothèses!$B$24))) | L54: =MAX(Hypothèses!$B$26,CEILING(J54/(K54/1000)*1000,Hypothèses!$B$27)) | M54: =L54*K54/1000000 | N54: =H54/3600/M54 | O54: =IF(N54<=I54,"oui","NON") | P54: =1.3*((L54/1000)*(K54/1000))^0.625/((L54/1000)+(K54/1000))^0.25 | Q54: =N54*P54/Hypothèses!$B$20 | R54: =0.25/(LOG10(Hypothèses!$B$21/(3.7*P54)+5.74/Q54^0.9))^2 | S54: =R54/P54*Hypothèses!$B$19*N54^2/2 | T54: =S54*G54*(1+Hypothèses!$B$22) | V54: =IF(K54<=Hypothèses!$B$28-100,"oui","NON")
A55: CTA 1 | B55: CTA1-R51 | C55: N01 | D55: Faux plafond couloir | E55: Reprise | F55: HEB01 chambre | G55: 1.567 | H55: 270 | I55: =IF(A55="CTA 5",MIN(INDEX(Hypothèses!$C$6:$C$16,MATCH(H55,Hypothèses!$A$6:$A$16,1)),Hypothèses!$B$30),INDEX(Hypothèses!$C$6:$C$16,MATCH(H55,Hypothèses!$A$6:$A$16,1))) | J55: =H55/3600/I55 | K55: =IF(A55="CTA 4",Hypothèses!$B$25,IF(AND(A55="CTA 5",H55>4000),Hypothèses!$B$29,IF(H55<=2000,Hypothèses!$B$23,Hypothèses!$B$24))) | L55: =MAX(Hypothèses!$B$26,CEILING(J55/(K55/1000)*1000,Hypothèses!$B$27)) | M55: =L55*K55/1000000 | N55: =H55/3600/M55 | O55: =IF(N55<=I55,"oui","NON") | P55: =1.3*((L55/1000)*(K55/1000))^0.625/((L55/1000)+(K55/1000))^0.25 | Q55: =N55*P55/Hypothèses!$B$20 | R55: =0.25/(LOG10(Hypothèses!$B$21/(3.7*P55)+5.74/Q55^0.9))^2 | S55: =R55/P55*Hypothèses!$B$19*N55^2/2 | T55: =S55*G55*(1+Hypothèses!$B$22) | V55: =IF(K55<=Hypothèses!$B$28-100,"oui","NON")
... A57: CTA 1 | B57: CTA1-R53 | C57: N01 | D57: Faux plafond couloir | E57: Reprise | F57: HEB01 chambre | G57: 1.633 | H57: 180 | I57: =IF(A57="CTA 5",MIN(INDEX(Hypothèses!$C$6:$C$16,MATCH(H57,Hypothèses!$A$6:$A$16,1)),Hypothèses!$B$30),INDEX(Hypothèses!$C$6:$C$16,MATCH(H57,Hypothèses!$A$6:$A$16,1))) | J57: =H57/3600/I57 | K57: =IF(A57="CTA 4",Hypothèses!$B$25,IF(AND(A57="CTA 5",H57>4000),Hypothèses!$B$29,IF(H57<=2000,Hypothèses!$B$23,Hypothèses!$B$24))) | L57: =MAX(Hypothèses!$B$26,CEILING(J57/(K57/1000)*1000,Hypothèses!$B$27)) | M57: =L57*K57/1000000 | N57: =H57/3600/M57 | O57: =IF(N57<=I57,"oui","NON") | P57: =1.3*((L57/1000)*(K57/1000))^0.625/((L57/1000)+(K57/1000))^0.25 | Q57: =N57*P57/Hypothèses!$B$20 | R57: =0.25/(LOG10(Hypothèses!$B$21/(3.7*P57)+5.74/Q57^0.9))^2 | S57: =R57/P57*Hypothèses!$B$19*N57^2/2 | T57: =S57*G57*(1+Hypothèses!$B$22) | V57: =IF(K57<=Hypothèses!$B$28-100,"oui","NON")
A58: CTA 1 | B58: CTA1-R54 | C58: N01 | D58: Faux plafond couloir | E58: Reprise | G58: 1.577 | H58: 90 | I58: =IF(A58="CTA 5",MIN(INDEX(Hypothèses!$C$6:$C$16,MATCH(H58,Hypothèses!$A$6:$A$16,1)),Hypothèses!$B$30),INDEX(Hypothèses!$C$6:$C$16,MATCH(H58,Hypothèses!$A$6:$A$16,1))) | J58: =H58/3600/I58 | K58: =IF(A58="CTA 4",Hypothèses!$B$25,IF(AND(A58="CTA 5",H58>4000),Hypothèses!$B$29,IF(H58<=2000,Hypothèses!$B$23,Hypothèses!$B$24))) | L58: =MAX(Hypothèses!$B$26,CEILING(J58/(K58/1000)*1000,Hypothèses!$B$27)) | M58: =L58*K58/1000000 | N58: =H58/3600/M58 | O58: =IF(N58<=I58,"oui","NON") | P58: =1.3*((L58/1000)*(K58/1000))^0.625/((L58/1000)+(K58/1000))^0.25 | Q58: =N58*P58/Hypothèses!$B$20 | R58: =0.25/(LOG10(Hypothèses!$B$21/(3.7*P58)+5.74/Q58^0.9))^2 | S58: =R58/P58*Hypothèses!$B$19*N58^2/2 | T58: =S58*G58*(1+Hypothèses!$B$22) | V58: =IF(K58<=Hypothèses!$B$28-100,"oui","NON")
A59: CTA 1 | B59: CTA1-R55 | C59: N00 | D59: Faux plafond couloir | E59: Reprise | G59: 1.6 | H59: 1260 | I59: =IF(A59="CTA 5",MIN(INDEX(Hypothèses!$C$6:$C$16,MATCH(H59,Hypothèses!$A$6:$A$16,1)),Hypothèses!$B$30),INDEX(Hypothèses!$C$6:$C$16,MATCH(H59,Hypothèses!$A$6:$A$16,1))) | J59: =H59/3600/I59 | K59: =IF(A59="CTA 4",Hypothèses!$B$25,IF(AND(A59="CTA 5",H59>4000),Hypothèses!$B$29,IF(H59<=2000,Hypothèses!$B$23,Hypothèses!$B$24))) | L59: =MAX(Hypothèses!$B$26,CEILING(J59/(K59/1000)*1000,Hypothèses!$B$27)) | M59: =L59*K59/1000000 | N59: =H59/3600/M59 | O59: =IF(N59<=I59,"oui","NON") | P59: =1.3*((L59/1000)*(K59/1000))^0.625/((L59/1000)+(K59/1000))^0.25 | Q59: =N59*P59/Hypothèses!$B$20 | R59: =0.25/(LOG10(Hypothèses!$B$21/(3.7*P59)+5.74/Q59^0.9))^2 | S59: =R59/P59*Hypothèses!$B$19*N59^2/2 | T59: =S59*G59*(1+Hypothèses!$B$22) | U59: X | V59: =IF(K59<=Hypothèses!$B$28-100,"oui","NON")
A60: CTA 1 | B60: CTA1-R56 | C60: N00 | D60: Faux plafond couloir | E60: Reprise | F60: HEB01 chambre | G60: 1.3 | H60: 1260 | I60: =IF(A60="CTA 5",MIN(INDEX(Hypothèses!$C$6:$C$16,MATCH(H60,Hypothèses!$A$6:$A$16,1)),Hypothèses!$B$30),INDEX(Hypothèses!$C$6:$C$16,MATCH(H60,Hypothèses!$A$6:$A$16,1))) | J60: =H60/3600/I60 | K60: =IF(A60="CTA 4",Hypothèses!$B$25,IF(AND(A60="CTA 5",H60>4000),Hypothèses!$B$29,IF(H60<=2000,Hypothèses!$B$23,Hypothèses!$B$24))) | L60: =MAX(Hypothèses!$B$26,CEILING(J60/(K60/1000)*1000,Hypothèses!$B$27)) | M60: =L60*K60/1000000 | N60: =H60/3600/M60 | O60: =IF(N60<=I60,"oui","NON") | P60: =1.3*((L60/1000)*(K60/1000))^0.625/((L60/1000)+(K60/1000))^0.25 | Q60: =N60*P60/Hypothèses!$B$20 | R60: =0.25/(LOG10(Hypothèses!$B$21/(3.7*P60)+5.74/Q60^0.9))^2 | S60: =R60/P60*Hypothèses!$B$19*N60^2/2 | T60: =S60*G60*(1+Hypothèses!$B$22) | U60: X | V60: =IF(K60<=Hypothèses!$B$28-100,"oui","NON")
A61: CTA 1 | B61: CTA1-R57 | C61: N00 | D61: Faux plafond couloir | E61: Reprise | F61: HEB01 chambre | G61: 1.45 | H61: 1170 | I61: =IF(A61="CTA 5",MIN(INDEX(Hypothèses!$C$6:$C$16,MATCH(H61,Hypothèses!$A$6:$A$16,1)),Hypothèses!$B$30),INDEX(Hypothèses!$C$6:$C$16,MATCH(H61,Hypothèses!$A$6:$A$16,1))) | J61: =H61/3600/I61 | K61: =IF(A61="CTA 4",Hypothèses!$B$25,IF(AND(A61="CTA 5",H61>4000),Hypothèses!$B$29,IF(H61<=2000,Hypothèses!$B$23,Hypothèses!$B$24))) | L61: =MAX(Hypothèses!$B$26,CEILING(J61/(K61/1000)*1000,Hypothèses!$B$27)) | M61: =L61*K61/1000000 | N61: =H61/3600/M61 | O61: =IF(N61<=I61,"oui","NON") | P61: =1.3*((L61/1000)*(K61/1000))^0.625/((L61/1000)+(K61/1000))^0.25 | Q61: =N61*P61/Hypothèses!$B$20 | R61: =0.25/(LOG10(Hypothèses!$B$21/(3.7*P61)+5.74/Q61^0.9))^2 | S61: =R61/P61*Hypothèses!$B$19*N61^2/2 | T61: =S61*G61*(1+Hypothèses!$B$22) | U61: X | V61: =IF(K61<=Hypothèses!$B$28-100,"oui","NON")
A62: CTA 1 | B62: CTA1-R58 | C62: N00 | D62: Faux plafond couloir | E62: Reprise | F62: HEB01 chambre | G62: 3.551 | H62: 1080 | I62: =IF(A62="CTA 5",MIN(INDEX(Hypothèses!$C$6:$C$16,MATCH(H62,Hypothèses!$A$6:$A$16,1)),Hypothèses!$B$30),INDEX(Hypothèses!$C$6:$C$16,MATCH(H62,Hypothèses!$A$6:$A$16,1))) | J62: =H62/3600/I62 | K62: =IF(A62="CTA 4",Hypothèses!$B$25,IF(AND(A62="CTA 5",H62>4000),Hypothèses!$B$29,IF(H62<=2000,Hypothèses!$B$23,Hypothèses!$B$24))) | L62: =MAX(Hypothèses!$B$26,CEILING(J62/(K62/1000)*1000,Hypothèses!$B$27)) | M62: =L62*K62/1000000 | N62: =H62/3600/M62 | O62: =IF(N62<=I62,"oui","NON") | P62: =1.3*((L62/1000)*(K62/1000))^0.625/((L62/1000)+(K62/1000))^0.25 | Q62: =N62*P62/Hypothèses!$B$20 | R62: =0.25/(LOG10(Hypothèses!$B$21/(3.7*P62)+5.74/Q62^0.9))^2 | S62: =R62/P62*Hypothèses!$B$19*N62^2/2 | T62: =S62*G62*(1+Hypothèses!$B$22) | U62: X | V62: =IF(K62<=Hypothèses!$B$28-100,"oui","NON")
A63: CTA 1 | B63: CTA1-R59 | C63: N00 | D63: Faux plafond couloir | E63: Reprise | F63: HEB01 chambre | G63: 0.842 | H63: 990 | I63: =IF(A63="CTA 5",MIN(INDEX(Hypothèses!$C$6:$C$16,MATCH(H63,Hypothèses!$A$6:$A$16,1)),Hypothèses!$B$30),INDEX(Hypothèses!$C$6:$C$16,MATCH(H63,Hypothèses!$A$6:$A$16,1))) | J63: =H63/3600/I63 | K63: =IF(A63="CTA 4",Hypothèses!$B$25,IF(AND(A63="CTA 5",H63>4000),Hypothèses!$B$29,IF(H63<=2000,Hypothèses!$B$23,Hypothèses!$B$24))) | L63: =MAX(Hypothèses!$B$26,CEILING(J63/(K63/1000)*1000,Hypothèses!$B$27)) | M63: =L63*K63/1000000 | N63: =H63/3600/M63 | O63: =IF(N63<=I63,"oui","NON") | P63: =1.3*((L63/1000)*(K63/1000))^0.625/((L63/1000)+(K63/1000))^0.25 | Q63: =N63*P63/Hypothèses!$B$20 | R63: =0.25/(LOG10(Hypothèses!$B$21/(3.7*P63)+5.74/Q63^0.9))^2 | S63: =R63/P63*Hypothèses!$B$19*N63^2/2 | T63: =S63*G63*(1+Hypothèses!$B$22) | U63: X | V63: =IF(K63<=Hypothèses!$B$28-100,"oui","NON")
A64: CTA 1 | B64: CTA1-R60 | C64: N00 | D64: Faux plafond couloir | E64: Reprise | F64: HEB01 chambre | G64: 3.633 | H64: 900 | I64: =IF(A64="CTA 5",MIN(INDEX(Hypothèses!$C$6:$C$16,MATCH(H64,Hypothèses!$A$6:$A$16,1)),Hypothèses!$B$30),INDEX(Hypothèses!$C$6:$C$16,MATCH(H64,Hypothèses!$A$6:$A$16,1))) | J64: =H64/3600/I64 | K64: =IF(A64="CTA 4",Hypothèses!$B$25,IF(AND(A64="CTA 5",H64>4000),Hypothèses!$B$29,IF(H64<=2000,Hypothèses!$B$23,Hypothèses!$B$24))) | L64: =MAX(Hypothèses!$B$26,CEILING(J64/(K64/1000)*1000,Hypothèses!$B$27)) | M64: =L64*K64/1000000 | N64: =H64/3600/M64 | O64: =IF(N64<=I64,"oui","NON") | P64: =1.3*((L64/1000)*(K64/1000))^0.625/((L64/1000)+(K64/1000))^0.25 | Q64: =N64*P64/Hypothèses!$B$20 | R64: =0.25/(LOG10(Hypothèses!$B$21/(3.7*P64)+5.74/Q64^0.9))^2 | S64: =R64/P64*Hypothèses!$B$19*N64^2/2 | T64: =S64*G64*(1+Hypothèses!$B$22) | U64: X | V64: =IF(K64<=Hypothèses!$B$28-100,"oui","NON")
A65: CTA 1 | B65: CTA1-R61 | C65: N00 | D65: Faux plafond couloir | E65: Reprise | F65: HEB01 ch. couple | G65: 0.412 | H65: 810 | I65: =IF(A65="CTA 5",MIN(INDEX(Hypothèses!$C$6:$C$16,MATCH(H65,Hypothèses!$A$6:$A$16,1)),Hypothèses!$B$30),INDEX(Hypothèses!$C$6:$C$16,MATCH(H65,Hypothèses!$A$6:$A$16,1))) | J65: =H65/3600/I65 | K65: =IF(A65="CTA 4",Hypothèses!$B$25,IF(AND(A65="CTA 5",H65>4000),Hypothèses!$B$29,IF(H65<=2000,Hypothèses!$B$23,Hypothèses!$B$24))) | L65: =MAX(Hypothèses!$B$26,CEILING(J65/(K65/1000)*1000,Hypothèses!$B$27)) | M65: =L65*K65/1000000 | N65: =H65/3600/M65 | O65: =IF(N65<=I65,"oui","NON") | P65: =1.3*((L65/1000)*(K65/1000))^0.625/((L65/1000)+(K65/1000))^0.25 | Q65: =N65*P65/Hypothèses!$B$20 | R65: =0.25/(LOG10(Hypothèses!$B$21/(3.7*P65)+5.74/Q65^0.9))^2 | S65: =R65/P65*Hypothèses!$B$19*N65^2/2 | T65: =S65*G65*(1+Hypothèses!$B$22) | U65: X | V65: =IF(K65<=Hypothèses!$B$28-100,"oui","NON")
A66: CTA 1 | B66: CTA1-R62 | C66: N00 | D66: Faux plafond couloir | E66: Reprise | F66: HEB01 ch. couple | G66: 4.159 | H66: 720 | I66: =IF(A66="CTA 5",MIN(INDEX(Hypothèses!$C$6:$C$16,MATCH(H66,Hypothèses!$A$6:$A$16,1)),Hypothèses!$B$30),INDEX(Hypothèses!$C$6:$C$16,MATCH(H66,Hypothèses!$A$6:$A$16,1))) | J66: =H66/3600/I66 | K66: =IF(A66="CTA 4",Hypothèses!$B$25,IF(AND(A66="CTA 5",H66>4000),Hypothèses!$B$29,IF(H66<=2000,Hypothèses!$B$23,Hypothèses!$B$24))) | L66: =MAX(Hypothèses!$B$26,CEILING(J66/(K66/1000)*1000,Hypothèses!$B$27)) | M66: =L66*K66/1000000 | N66: =H66/3600/M66 | O66: =IF(N66<=I66,"oui","NON") | P66: =1.3*((L66/1000)*(K66/1000))^0.625/((L66/1000)+(K66/1000))^0.25 | Q66: =N66*P66/Hypothèses!$B$20 | R66: =0.25/(LOG10(Hypothèses!$B$21/(3.7*P66)+5.74/Q66^0.9))^2 | S66: =R66/P66*Hypothèses!$B$19*N66^2/2 | T66: =S66*G66*(1+Hypothèses!$B$22) | U66: X | V66: =IF(K66<=Hypothèses!$B$28-100,"oui","NON")
A67: CTA 1 | B67: CTA1-R63 | C67: N00 | D67: Faux plafond couloir | E67: Reprise | F67: HEB01 chambre | G67: 1.823 | H67: 720 | I67: =IF(A67="CTA 5",MIN(INDEX(Hypothèses!$C$6:$C$16,MATCH(H67,Hypothèses!$A$6:$A$16,1)),Hypothèses!$B$30),INDEX(Hypothèses!$C$6:$C$16,MATCH(H67,Hypothèses!$A$6:$A$16,1))) | J67: =H67/3600/I67 | K67: =IF(A67="CTA 4",Hypothèses!$B$25,IF(AND(A67="CTA 5",H67>4000),Hypothèses!$B$29,IF(H67<=2000,Hypothèses!$B$23,Hypothèses!$B$24))) | L67: =MAX(Hypothèses!$B$26,CEILING(J67/(K67/1000)*1000,Hypothèses!$B$27)) | M67: =L67*K67/1000000 | N67: =H67/3600/M67 | O67: =IF(N67<=I67,"oui","NON") | P67: =1.3*((L67/1000)*(K67/1000))^0.625/((L67/1000)+(K67/1000))^0.25 | Q67: =N67*P67/Hypothèses!$B$20 | R67: =0.25/(LOG10(Hypothèses!$B$21/(3.7*P67)+5.74/Q67^0.9))^2 | S67: =R67/P67*Hypothèses!$B$19*N67^2/2 | T67: =S67*G67*(1+Hypothèses!$B$22) | U67: X | V67: =IF(K67<=Hypothèses!$B$28-100,"oui","NON")
A68: CTA 1 | B68: CTA1-R64 | C68: N00 | D68: Faux plafond couloir | E68: Reprise | F68: HEB01 chambre | G68: 2.927 | H68: 540 | I68: =IF(A68="CTA 5",MIN(INDEX(Hypothèses!$C$6:$C$16,MATCH(H68,Hypothèses!$A$6:$A$16,1)),Hypothèses!$B$30),INDEX(Hypothèses!$C$6:$C$16,MATCH(H68,Hypothèses!$A$6:$A$16,1))) | J68: =H68/3600/I68 | K68: =IF(A68="CTA 4",Hypothèses!$B$25,IF(AND(A68="CTA 5",H68>4000),Hypothèses!$B$29,IF(H68<=2000,Hypothèses!$B$23,Hypothèses!$B$24))) | L68: =MAX(Hypothèses!$B$26,CEILING(J68/(K68/1000)*1000,Hypothèses!$B$27)) | M68: =L68*K68/1000000 | N68: =H68/3600/M68 | O68: =IF(N68<=I68,"oui","NON") | P68: =1.3*((L68/1000)*(K68/1000))^0.625/((L68/1000)+(K68/1000))^0.25 | Q68: =N68*P68/Hypothèses!$B$20 | R68: =0.25/(LOG10(Hypothèses!$B$21/(3.7*P68)+5.74/Q68^0.9))^2 | S68: =R68/P68*Hypothèses!$B$19*N68^2/2 | T68: =S68*G68*(1+Hypothèses!$B$22) | U68: X | V68: =IF(K68<=Hypothèses!$B$28-100,"oui","NON")
A69: CTA 1 | B69: CTA1-R65 | C69: N00 | D69: Faux plafond couloir | E69: Reprise | F69: HEB01 chambre | G69: 1.542 | H69: 540 | I69: =IF(A69="CTA 5",MIN(INDEX(Hypothèses!$C$6:$C$16,MATCH(H69,Hypothèses!$A$6:$A$16,1)),Hypothèses!$B$30),INDEX(Hypothèses!$C$6:$C$16,MATCH(H69,Hypothèses!$A$6:$A$16,1))) | J69: =H69/3600/I69 | K69: =IF(A69="CTA 4",Hypothèses!$B$25,IF(AND(A69="CTA 5",H69>4000),Hypothèses!$B$29,IF(H69<=2000,Hypothèses!$B$23,Hypothèses!$B$24))) | L69: =MAX(Hypothèses!$B$26,CEILING(J69/(K69/1000)*1000,Hypothèses!$B$27)) | M69: =L69*K69/1000000 | N69: =H69/3600/M69 | O69: =IF(N69<=I69,"oui","NON") | P69: =1.3*((L69/1000)*(K69/1000))^0.625/((L69/1000)+(K69/1000))^0.25 | Q69: =N69*P69/Hypothèses!$B$20 | R69: =0.25/(LOG10(Hypothèses!$B$21/(3.7*P69)+5.74/Q69^0.9))^2 | S69: =R69/P69*Hypothèses!$B$19*N69^2/2 | T69: =S69*G69*(1+Hypothèses!$B$22) | U69: X | V69: =IF(K69<=Hypothèses!$B$28-100,"oui","NON")
A70: CTA 1 | B70: CTA1-R66 | C70: N00 | D70: Faux plafond couloir | E70: Reprise | F70: HEB01 chambre | G70: 2.192 | H70: 450 | I70: =IF(A70="CTA 5",MIN(INDEX(Hypothèses!$C$6:$C$16,MATCH(H70,Hypothèses!$A$6:$A$16,1)),Hypothèses!$B$30),INDEX(Hypothèses!$C$6:$C$16,MATCH(H70,Hypothèses!$A$6:$A$16,1))) | J70: =H70/3600/I70 | K70: =IF(A70="CTA 4",Hypothèses!$B$25,IF(AND(A70="CTA 5",H70>4000),Hypothèses!$B$29,IF(H70<=2000,Hypothèses!$B$23,Hypothèses!$B$24))) | L70: =MAX(Hypothèses!$B$26,CEILING(J70/(K70/1000)*1000,Hypothèses!$B$27)) | M70: =L70*K70/1000000 | N70: =H70/3600/M70 | O70: =IF(N70<=I70,"oui","NON") | P70: =1.3*((L70/1000)*(K70/1000))^0.625/((L70/1000)+(K70/1000))^0.25 | Q70: =N70*P70/Hypothèses!$B$20 | R70: =0.25/(LOG10(Hypothèses!$B$21/(3.7*P70)+5.74/Q70^0.9))^2 | S70: =R70/P70*Hypothèses!$B$19*N70^2/2 | T70: =S70*G70*(1+Hypothèses!$B$22) | U70: X | V70: =IF(K70<=Hypothèses!$B$28-100,"oui","NON")
A71: CTA 1 | B71: CTA1-R67 | C71: N00 | D71: Faux plafond couloir | E71: Reprise | F71: HEB01 chambre | G71: 1.57 | H71: 270 | I71: =IF(A71="CTA 5",MIN(INDEX(Hypothèses!$C$6:$C$16,MATCH(H71,Hypothèses!$A$6:$A$16,1)),Hypothèses!$B$30),INDEX(Hypothèses!$C$6:$C$16,MATCH(H71,Hypothèses!$A$6:$A$16,1))) | J71: =H71/3600/I71 | K71: =IF(A71="CTA 4",Hypothèses!$B$25,IF(AND(A71="CTA 5",H71>4000),Hypothèses!$B$29,IF(H71<=2000,Hypothèses!$B$23,Hypothèses!$B$24))) | L71: =MAX(Hypothèses!$B$26,CEILING(J71/(K71/1000)*1000,Hypothèses!$B$27)) | M71: =L71*K71/1000000 | N71: =H71/3600/M71 | O71: =IF(N71<=I71,"oui","NON") | P71: =1.3*((L71/1000)*(K71/1000))^0.625/((L71/1000)+(K71/1000))^0.25 | Q71: =N71*P71/Hypothèses!$B$20 | R71: =0.25/(LOG10(Hypothèses!$B$21/(3.7*P71)+5.74/Q71^0.9))^2 | S71: =R71/P71*Hypothèses!$B$19*N71^2/2 | T71: =S71*G71*(1+Hypothèses!$B$22) | U71: X | V71: =IF(K71<=Hypothèses!$B$28-100,"oui","NON")
... A73: CTA 1 | B73: CTA1-R69 | C73: N00 | D73: Faux plafond couloir | E73: Reprise | F73: HEB01 chambre | G73: 1.634 | H73: 180 | I73: =IF(A73="CTA 5",MIN(INDEX(Hypothèses!$C$6:$C$16,MATCH(H73,Hypothèses!$A$6:$A$16,1)),Hypothèses!$B$30),INDEX(Hypothèses!$C$6:$C$16,MATCH(H73,Hypothèses!$A$6:$A$16,1))) | J73: =H73/3600/I73 | K73: =IF(A73="CTA 4",Hypothèses!$B$25,IF(AND(A73="CTA 5",H73>4000),Hypothèses!$B$29,IF(H73<=2000,Hypothèses!$B$23,Hypothèses!$B$24))) | L73: =MAX(Hypothèses!$B$26,CEILING(J73/(K73/1000)*1000,Hypothèses!$B$27)) | M73: =L73*K73/1000000 | N73: =H73/3600/M73 | O73: =IF(N73<=I73,"oui","NON") | P73: =1.3*((L73/1000)*(K73/1000))^0.625/((L73/1000)+(K73/1000))^0.25 | Q73: =N73*P73/Hypothèses!$B$20 | R73: =0.25/(LOG10(Hypothèses!$B$21/(3.7*P73)+5.74/Q73^0.9))^2 | S73: =R73/P73*Hypothèses!$B$19*N73^2/2 | T73: =S73*G73*(1+Hypothèses!$B$22) | U73: X | V73: =IF(K73<=Hypothèses!$B$28-100,"oui","NON")
A74: CTA 1 | B74: CTA1-R70 | C74: N00 | D74: Faux plafond couloir | E74: Reprise | G74: 1.577 | H74: 90 | I74: =IF(A74="CTA 5",MIN(INDEX(Hypothèses!$C$6:$C$16,MATCH(H74,Hypothèses!$A$6:$A$16,1)),Hypothèses!$B$30),INDEX(Hypothèses!$C$6:$C$16,MATCH(H74,Hypothèses!$A$6:$A$16,1))) | J74: =H74/3600/I74 | K74: =IF(A74="CTA 4",Hypothèses!$B$25,IF(AND(A74="CTA 5",H74>4000),Hypothèses!$B$29,IF(H74<=2000,Hypothèses!$B$23,Hypothèses!$B$24))) | L74: =MAX(Hypothèses!$B$26,CEILING(J74/(K74/1000)*1000,Hypothèses!$B$27)) | M74: =L74*K74/1000000 | N74: =H74/3600/M74 | O74: =IF(N74<=I74,"oui","NON") | P74: =1.3*((L74/1000)*(K74/1000))^0.625/((L74/1000)+(K74/1000))^0.25 | Q74: =N74*P74/Hypothèses!$B$20 | R74: =0.25/(LOG10(Hypothèses!$B$21/(3.7*P74)+5.74/Q74^0.9))^2 | S74: =R74/P74*Hypothèses!$B$19*N74^2/2 | T74: =S74*G74*(1+Hypothèses!$B$22) | U74: X | V74: =IF(K74<=Hypothèses!$B$28-100,"oui","NON")
A75: CTA 2 | B75: CTA2-S01 | C75: Toiture | D75: Toiture (CTA → descente) | E75: Soufflage | F75: Sortie CTA → descente (trémie en toiture) | G75: 2.2 | H75: 2430 | I75: =IF(A75="CTA 5",MIN(INDEX(Hypothèses!$C$6:$C$16,MATCH(H75,Hypothèses!$A$6:$A$16,1)),Hypothèses!$B$30),INDEX(Hypothèses!$C$6:$C$16,MATCH(H75,Hypothèses!$A$6:$A$16,1))) | J75: =H75/3600/I75 | K75: =IF(A75="CTA 4",Hypothèses!$B$25,IF(AND(A75="CTA 5",H75>4000),Hypothèses!$B$29,IF(H75<=2000,Hypothèses!$B$23,Hypothèses!$B$24))) | L75: =MAX(Hypothèses!$B$26,CEILING(J75/(K75/1000)*1000,Hypothèses!$B$27)) | M75: =L75*K75/1000000 | N75: =H75/3600/M75 | O75: =IF(N75<=I75,"oui","NON") | P75: =1.3*((L75/1000)*(K75/1000))^0.625/((L75/1000)+(K75/1000))^0.25 | Q75: =N75*P75/Hypothèses!$B$20 | R75: =0.25/(LOG10(Hypothèses!$B$21/(3.7*P75)+5.74/Q75^0.9))^2 | S75: =R75/P75*Hypothèses!$B$19*N75^2/2 | T75: =S75*G75*(1+Hypothèses!$B$22) | U75: X | V75: –
A76: CTA 2 | B76: CTA2-S02 | C76: N01 | D76: Descente verticale | E76: Soufflage | F76: Gaine verticale : toiture → plénum étage | G76: 1.53 | H76: 2430 | I76: =IF(A76="CTA 5",MIN(INDEX(Hypothèses!$C$6:$C$16,MATCH(H76,Hypothèses!$A$6:$A$16,1)),Hypothèses!$B$30),INDEX(Hypothèses!$C$6:$C$16,MATCH(H76,Hypothèses!$A$6:$A$16,1))) | J76: =H76/3600/I76 | K76: =IF(A76="CTA 4",Hypothèses!$B$25,IF(AND(A76="CTA 5",H76>4000),Hypothèses!$B$29,IF(H76<=2000,Hypothèses!$B$23,Hypothèses!$B$24))) | L76: =MAX(Hypothèses!$B$26,CEILING(J76/(K76/1000)*1000,Hypothèses!$B$27)) | M76: =L76*K76/1000000 | N76: =H76/3600/M76 | O76: =IF(N76<=I76,"oui","NON") | P76: =1.3*((L76/1000)*(K76/1000))^0.625/((L76/1000)+(K76/1000))^0.25 | Q76: =N76*P76/Hypothèses!$B$20 | R76: =0.25/(LOG10(Hypothèses!$B$21/(3.7*P76)+5.74/Q76^0.9))^2 | S76: =R76/P76*Hypothèses!$B$19*N76^2/2 | T76: =S76*G76*(1+Hypothèses!$B$22) | U76: X | V76: –
A77: CTA 2 | B77: CTA2-S03 | C77: N00 | D77: Descente verticale | E77: Soufflage | F77: Gaine verticale : étage → plénum RDC | G77: 3.36 | H77: 1260 | I77: =IF(A77="CTA 5",MIN(INDEX(Hypothèses!$C$6:$C$16,MATCH(H77,Hypothèses!$A$6:$A$16,1)),Hypothèses!$B$30),INDEX(Hypothèses!$C$6:$C$16,MATCH(H77,Hypothèses!$A$6:$A$16,1))) | J77: =H77/3600/I77 | K77: =IF(A77="CTA 4",Hypothèses!$B$25,IF(AND(A77="CTA 5",H77>4000),Hypothèses!$B$29,IF(H77<=2000,Hypothèses!$B$23,Hypothèses!$B$24))) | L77: =MAX(Hypothèses!$B$26,CEILING(J77/(K77/1000)*1000,Hypothèses!$B$27)) | M77: =L77*K77/1000000 | N77: =H77/3600/M77 | O77: =IF(N77<=I77,"oui","NON") | P77: =1.3*((L77/1000)*(K77/1000))^0.625/((L77/1000)+(K77/1000))^0.25 | Q77: =N77*P77/Hypothèses!$B$20 | R77: =0.25/(LOG10(Hypothèses!$B$21/(3.7*P77)+5.74/Q77^0.9))^2 | S77: =R77/P77*Hypothèses!$B$19*N77^2/2 | T77: =S77*G77*(1+Hypothèses!$B$22) | U77: X | V77: –
A78: CTA 2 | B78: CTA2-S04 | C78: N01 | D78: Faux plafond couloir | E78: Soufflage | G78: 2.45 | H78: 1170 | I78: =IF(A78="CTA 5",MIN(INDEX(Hypothèses!$C$6:$C$16,MATCH(H78,Hypothèses!$A$6:$A$16,1)),Hypothèses!$B$30),INDEX(Hypothèses!$C$6:$C$16,MATCH(H78,Hypothèses!$A$6:$A$16,1))) | J78: =H78/3600/I78 | K78: =IF(A78="CTA 4",Hypothèses!$B$25,IF(AND(A78="CTA 5",H78>4000),Hypothèses!$B$29,IF(H78<=2000,Hypothèses!$B$23,Hypothèses!$B$24))) | L78: =MAX(Hypothèses!$B$26,CEILING(J78/(K78/1000)*1000,Hypothèses!$B$27)) | M78: =L78*K78/1000000 | N78: =H78/3600/M78 | O78: =IF(N78<=I78,"oui","NON") | P78: =1.3*((L78/1000)*(K78/1000))^0.625/((L78/1000)+(K78/1000))^0.25 | Q78: =N78*P78/Hypothèses!$B$20 | R78: =0.25/(LOG10(Hypothèses!$B$21/(3.7*P78)+5.74/Q78^0.9))^2 | S78: =R78/P78*Hypothèses!$B$19*N78^2/2 | T78: =S78*G78*(1+Hypothèses!$B$22) | V78: =IF(K78<=Hypothèses!$B$28-100,"oui","NON")
A79: CTA 2 | B79: CTA2-S05 | C79: N01 | D79: Faux plafond couloir | E79: Soufflage | F79: HEB01 ch. bariatrique | G79: 1.3 | H79: 1170 | I79: =IF(A79="CTA 5",MIN(INDEX(Hypothèses!$C$6:$C$16,MATCH(H79,Hypothèses!$A$6:$A$16,1)),Hypothèses!$B$30),INDEX(Hypothèses!$C$6:$C$16,MATCH(H79,Hypothèses!$A$6:$A$16,1))) | J79: =H79/3600/I79 | K79: =IF(A79="CTA 4",Hypothèses!$B$25,IF(AND(A79="CTA 5",H79>4000),Hypothèses!$B$29,IF(H79<=2000,Hypothèses!$B$23,Hypothèses!$B$24))) | L79: =MAX(Hypothèses!$B$26,CEILING(J79/(K79/1000)*1000,Hypothèses!$B$27)) | M79: =L79*K79/1000000 | N79: =H79/3600/M79 | O79: =IF(N79<=I79,"oui","NON") | P79: =1.3*((L79/1000)*(K79/1000))^0.625/((L79/1000)+(K79/1000))^0.25 | Q79: =N79*P79/Hypothèses!$B$20 | R79: =0.25/(LOG10(Hypothèses!$B$21/(3.7*P79)+5.74/Q79^0.9))^2 | S79: =R79/P79*Hypothèses!$B$19*N79^2/2 | T79: =S79*G79*(1+Hypothèses!$B$22) | V79: =IF(K79<=Hypothèses!$B$28-100,"oui","NON")
A80: CTA 2 | B80: CTA2-S06 | C80: N01 | D80: Faux plafond couloir | E80: Soufflage | F80: HEB01 chambre | G80: 2.983 | H80: 1080 | I80: =IF(A80="CTA 5",MIN(INDEX(Hypothèses!$C$6:$C$16,MATCH(H80,Hypothèses!$A$6:$A$16,1)),Hypothèses!$B$30),INDEX(Hypothèses!$C$6:$C$16,MATCH(H80,Hypothèses!$A$6:$A$16,1))) | J80: =H80/3600/I80 | K80: =IF(A80="CTA 4",Hypothèses!$B$25,IF(AND(A80="CTA 5",H80>4000),Hypothèses!$B$29,IF(H80<=2000,Hypothèses!$B$23,Hypothèses!$B$24))) | L80: =MAX(Hypothèses!$B$26,CEILING(J80/(K80/1000)*1000,Hypothèses!$B$27)) | M80: =L80*K80/1000000 | N80: =H80/3600/M80 | O80: =IF(N80<=I80,"oui","NON") | P80: =1.3*((L80/1000)*(K80/1000))^0.625/((L80/1000)+(K80/1000))^0.25 | Q80: =N80*P80/Hypothèses!$B$20 | R80: =0.25/(LOG10(Hypothèses!$B$21/(3.7*P80)+5.74/Q80^0.9))^2 | S80: =R80/P80*Hypothèses!$B$19*N80^2/2 | T80: =S80*G80*(1+Hypothèses!$B$22) | V80: =IF(K80<=Hypothèses!$B$28-100,"oui","NON")
A81: CTA 2 | B81: CTA2-S07 | C81: N01 | D81: Faux plafond couloir | E81: Soufflage | F81: HEB01 ch. bariatrique | G81: 3.792 | H81: 1080 | I81: =IF(A81="CTA 5",MIN(INDEX(Hypothèses!$C$6:$C$16,MATCH(H81,Hypothèses!$A$6:$A$16,1)),Hypothèses!$B$30),INDEX(Hypothèses!$C$6:$C$16,MATCH(H81,Hypothèses!$A$6:$A$16,1))) | J81: =H81/3600/I81 | K81: =IF(A81="CTA 4",Hypothèses!$B$25,IF(AND(A81="CTA 5",H81>4000),Hypothèses!$B$29,IF(H81<=2000,Hypothèses!$B$23,Hypothèses!$B$24))) | L81: =MAX(Hypothèses!$B$26,CEILING(J81/(K81/1000)*1000,Hypothèses!$B$27)) | M81: =L81*K81/1000000 | N81: =H81/3600/M81 | O81: =IF(N81<=I81,"oui","NON") | P81: =1.3*((L81/1000)*(K81/1000))^0.625/((L81/1000)+(K81/1000))^0.25 | Q81: =N81*P81/Hypothèses!$B$20 | R81: =0.25/(LOG10(Hypothèses!$B$21/(3.7*P81)+5.74/Q81^0.9))^2 | S81: =R81/P81*Hypothèses!$B$19*N81^2/2 | T81: =S81*G81*(1+Hypothèses!$B$22) | V81: =IF(K81<=Hypothèses!$B$28-100,"oui","NON")
A82: CTA 2 | B82: CTA2-S08 | C82: N01 | D82: Faux plafond couloir | E82: Soufflage | F82: HEB1180 chambre | G82: 0.321 | H82: 900 | I82: =IF(A82="CTA 5",MIN(INDEX(Hypothèses!$C$6:$C$16,MATCH(H82,Hypothèses!$A$6:$A$16,1)),Hypothèses!$B$30),INDEX(Hypothèses!$C$6:$C$16,MATCH(H82,Hypothèses!$A$6:$A$16,1))) | J82: =H82/3600/I82 | K82: =IF(A82="CTA 4",Hypothèses!$B$25,IF(AND(A82="CTA 5",H82>4000),Hypothèses!$B$29,IF(H82<=2000,Hypothèses!$B$23,Hypothèses!$B$24))) | L82: =MAX(Hypothèses!$B$26,CEILING(J82/(K82/1000)*1000,Hypothèses!$B$27)) | M82: =L82*K82/1000000 | N82: =H82/3600/M82 | O82: =IF(N82<=I82,"oui","NON") | P82: =1.3*((L82/1000)*(K82/1000))^0.625/((L82/1000)+(K82/1000))^0.25 | Q82: =N82*P82/Hypothèses!$B$20 | R82: =0.25/(LOG10(Hypothèses!$B$21/(3.7*P82)+5.74/Q82^0.9))^2 | S82: =R82/P82*Hypothèses!$B$19*N82^2/2 | T82: =S82*G82*(1+Hypothèses!$B$22) | V82: =IF(K82<=Hypothèses!$B$28-100,"oui","NON")
A83: CTA 2 | B83: CTA2-S09 | C83: N01 | D83: Faux plafond couloir | E83: Soufflage | F83: HEB01 ch. couple | G83: 3.733 | H83: 810 | I83: =IF(A83="CTA 5",MIN(INDEX(Hypothèses!$C$6:$C$16,MATCH(H83,Hypothèses!$A$6:$A$16,1)),Hypothèses!$B$30),INDEX(Hypothèses!$C$6:$C$16,MATCH(H83,Hypothèses!$A$6:$A$16,1))) | J83: =H83/3600/I83 | K83: =IF(A83="CTA 4",Hypothèses!$B$25,IF(AND(A83="CTA 5",H83>4000),Hypothèses!$B$29,IF(H83<=2000,Hypothèses!$B$23,Hypothèses!$B$24))) | L83: =MAX(Hypothèses!$B$26,CEILING(J83/(K83/1000)*1000,Hypothèses!$B$27)) | M83: =L83*K83/1000000 | N83: =H83/3600/M83 | O83: =IF(N83<=I83,"oui","NON") | P83: =1.3*((L83/1000)*(K83/1000))^0.625/((L83/1000)+(K83/1000))^0.25 | Q83: =N83*P83/Hypothèses!$B$20 | R83: =0.25/(LOG10(Hypothèses!$B$21/(3.7*P83)+5.74/Q83^0.9))^2 | S83: =R83/P83*Hypothèses!$B$19*N83^2/2 | T83: =S83*G83*(1+Hypothèses!$B$22) | V83: =IF(K83<=Hypothèses!$B$28-100,"oui","NON")
A84: CTA 2 | B84: CTA2-S10 | C84: N01 | D84: Faux plafond couloir | E84: Soufflage | F84: HEB01 chambre | G84: 0.443 | H84: 720 | I84: =IF(A84="CTA 5",MIN(INDEX(Hypothèses!$C$6:$C$16,MATCH(H84,Hypothèses!$A$6:$A$16,1)),Hypothèses!$B$30),INDEX(Hypothèses!$C$6:$C$16,MATCH(H84,Hypothèses!$A$6:$A$16,1))) | J84: =H84/3600/I84 | K84: =IF(A84="CTA 4",Hypothèses!$B$25,IF(AND(A84="CTA 5",H84>4000),Hypothèses!$B$29,IF(H84<=2000,Hypothèses!$B$23,Hypothèses!$B$24))) | L84: =MAX(Hypothèses!$B$26,CEILING(J84/(K84/1000)*1000,Hypothèses!$B$27)) | M84: =L84*K84/1000000 | N84: =H84/3600/M84 | O84: =IF(N84<=I84,"oui","NON") | P84: =1.3*((L84/1000)*(K84/1000))^0.625/((L84/1000)+(K84/1000))^0.25 | Q84: =N84*P84/Hypothèses!$B$20 | R84: =0.25/(LOG10(Hypothèses!$B$21/(3.7*P84)+5.74/Q84^0.9))^2 | S84: =R84/P84*Hypothèses!$B$19*N84^2/2 | T84: =S84*G84*(1+Hypothèses!$B$22) | V84: =IF(K84<=Hypothèses!$B$28-100,"oui","NON")
A85: CTA 2 | B85: CTA2-S11 | C85: N01 | D85: Faux plafond couloir | E85: Soufflage | F85: HEB01 chambre | G85: 3.758 | H85: 630 | I85: =IF(A85="CTA 5",MIN(INDEX(Hypothèses!$C$6:$C$16,MATCH(H85,Hypothèses!$A$6:$A$16,1)),Hypothèses!$B$30),INDEX(Hypothèses!$C$6:$C$16,MATCH(H85,Hypothèses!$A$6:$A$16,1))) | J85: =H85/3600/I85 | K85: =IF(A85="CTA 4",Hypothèses!$B$25,IF(AND(A85="CTA 5",H85>4000),Hypothèses!$B$29,IF(H85<=2000,Hypothèses!$B$23,Hypothèses!$B$24))) | L85: =MAX(Hypothèses!$B$26,CEILING(J85/(K85/1000)*1000,Hypothèses!$B$27)) | M85: =L85*K85/1000000 | N85: =H85/3600/M85 | O85: =IF(N85<=I85,"oui","NON") | P85: =1.3*((L85/1000)*(K85/1000))^0.625/((L85/1000)+(K85/1000))^0.25 | Q85: =N85*P85/Hypothèses!$B$20 | R85: =0.25/(LOG10(Hypothèses!$B$21/(3.7*P85)+5.74/Q85^0.9))^2 | S85: =R85/P85*Hypothèses!$B$19*N85^2/2 | T85: =S85*G85*(1+Hypothèses!$B$22) | V85: =IF(K85<=Hypothèses!$B$28-100,"oui","NON")
A86: CTA 2 | B86: CTA2-S12 | C86: N01 | D86: Faux plafond couloir | E86: Soufflage | F86: HEB01 ch. couple | G86: 0.199 | H86: 630 | I86: =IF(A86="CTA 5",MIN(INDEX(Hypothèses!$C$6:$C$16,MATCH(H86,Hypothèses!$A$6:$A$16,1)),Hypothèses!$B$30),INDEX(Hypothèses!$C$6:$C$16,MATCH(H86,Hypothèses!$A$6:$A$16,1))) | J86: =H86/3600/I86 | K86: =IF(A86="CTA 4",Hypothèses!$B$25,IF(AND(A86="CTA 5",H86>4000),Hypothèses!$B$29,IF(H86<=2000,Hypothèses!$B$23,Hypothèses!$B$24))) | L86: =MAX(Hypothèses!$B$26,CEILING(J86/(K86/1000)*1000,Hypothèses!$B$27)) | M86: =L86*K86/1000000 | N86: =H86/3600/M86 | O86: =IF(N86<=I86,"oui","NON") | P86: =1.3*((L86/1000)*(K86/1000))^0.625/((L86/1000)+(K86/1000))^0.25 | Q86: =N86*P86/Hypothèses!$B$20 | R86: =0.25/(LOG10(Hypothèses!$B$21/(3.7*P86)+5.74/Q86^0.9))^2 | S86: =R86/P86*Hypothèses!$B$19*N86^2/2 | T86: =S86*G86*(1+Hypothèses!$B$22) | V86: =IF(K86<=Hypothèses!$B$28-100,"oui","NON")
A87: CTA 2 | B87: CTA2-S13 | C87: N01 | D87: Faux plafond couloir | E87: Soufflage | F87: HEB01 ch. couple | G87: 3.779 | H87: 450 | I87: =IF(A87="CTA 5",MIN(INDEX(Hypothèses!$C$6:$C$16,MATCH(H87,Hypothèses!$A$6:$A$16,1)),Hypothèses!$B$30),INDEX(Hypothèses!$C$6:$C$16,MATCH(H87,Hypothèses!$A$6:$A$16,1))) | J87: =H87/3600/I87 | K87: =IF(A87="CTA 4",Hypothèses!$B$25,IF(AND(A87="CTA 5",H87>4000),Hypothèses!$B$29,IF(H87<=2000,Hypothèses!$B$23,Hypothèses!$B$24))) | L87: =MAX(Hypothèses!$B$26,CEILING(J87/(K87/1000)*1000,Hypothèses!$B$27)) | M87: =L87*K87/1000000 | N87: =H87/3600/M87 | O87: =IF(N87<=I87,"oui","NON") | P87: =1.3*((L87/1000)*(K87/1000))^0.625/((L87/1000)+(K87/1000))^0.25 | Q87: =N87*P87/Hypothèses!$B$20 | R87: =0.25/(LOG10(Hypothèses!$B$21/(3.7*P87)+5.74/Q87^0.9))^2 | S87: =R87/P87*Hypothèses!$B$19*N87^2/2 | T87: =S87*G87*(1+Hypothèses!$B$22) | V87: =IF(K87<=Hypothèses!$B$28-100,"oui","NON")
A88: CTA 2 | B88: CTA2-S14 | C88: N01 | D88: Faux plafond couloir | E88: Soufflage | F88: HEB01 chambre | G88: 0.498 | H88: 450 | I88: =IF(A88="CTA 5",MIN(INDEX(Hypothèses!$C$6:$C$16,MATCH(H88,Hypothèses!$A$6:$A$16,1)),Hypothèses!$B$30),INDEX(Hypothèses!$C$6:$C$16,MATCH(H88,Hypothèses!$A$6:$A$16,1))) | J88: =H88/3600/I88 | K88: =IF(A88="CTA 4",Hypothèses!$B$25,IF(AND(A88="CTA 5",H88>4000),Hypothèses!$B$29,IF(H88<=2000,Hypothèses!$B$23,Hypothèses!$B$24))) | L88: =MAX(Hypothèses!$B$26,CEILING(J88/(K88/1000)*1000,Hypothèses!$B$27)) | M88: =L88*K88/1000000 | N88: =H88/3600/M88 | O88: =IF(N88<=I88,"oui","NON") | P88: =1.3*((L88/1000)*(K88/1000))^0.625/((L88/1000)+(K88/1000))^0.25 | Q88: =N88*P88/Hypothèses!$B$20 | R88: =0.25/(LOG10(Hypothèses!$B$21/(3.7*P88)+5.74/Q88^0.9))^2 | S88: =R88/P88*Hypothèses!$B$19*N88^2/2 | T88: =S88*G88*(1+Hypothèses!$B$22) | V88: =IF(K88<=Hypothèses!$B$28-100,"oui","NON")
A89: CTA 2 | B89: CTA2-S15 | C89: N01 | D89: Faux plafond couloir | E89: Soufflage | F89: HEB01 ch. bariatrique | G89: 4.03 | H89: 360 | I89: =IF(A89="CTA 5",MIN(INDEX(Hypothèses!$C$6:$C$16,MATCH(H89,Hypothèses!$A$6:$A$16,1)),Hypothèses!$B$30),INDEX(Hypothèses!$C$6:$C$16,MATCH(H89,Hypothèses!$A$6:$A$16,1))) | J89: =H89/3600/I89 | K89: =IF(A89="CTA 4",Hypothèses!$B$25,IF(AND(A89="CTA 5",H89>4000),Hypothèses!$B$29,IF(H89<=2000,Hypothèses!$B$23,Hypothèses!$B$24))) | L89: =MAX(Hypothèses!$B$26,CEILING(J89/(K89/1000)*1000,Hypothèses!$B$27)) | M89: =L89*K89/1000000 | N89: =H89/3600/M89 | O89: =IF(N89<=I89,"oui","NON") | P89: =1.3*((L89/1000)*(K89/1000))^0.625/((L89/1000)+(K89/1000))^0.25 | Q89: =N89*P89/Hypothèses!$B$20 | R89: =0.25/(LOG10(Hypothèses!$B$21/(3.7*P89)+5.74/Q89^0.9))^2 | S89: =R89/P89*Hypothèses!$B$19*N89^2/2 | T89: =S89*G89*(1+Hypothèses!$B$22) | V89: =IF(K89<=Hypothèses!$B$28-100,"oui","NON")
A90: CTA 2 | B90: CTA2-S16 | C90: N01 | D90: Faux plafond couloir | E90: Soufflage | F90: HEB01 chambre | G90: 2.374 | H90: 270 | I90: =IF(A90="CTA 5",MIN(INDEX(Hypothèses!$C$6:$C$16,MATCH(H90,Hypothèses!$A$6:$A$16,1)),Hypothèses!$B$30),INDEX(Hypothèses!$C$6:$C$16,MATCH(H90,Hypothèses!$A$6:$A$16,1))) | J90: =H90/3600/I90 | K90: =IF(A90="CTA 4",Hypothèses!$B$25,IF(AND(A90="CTA 5",H90>4000),Hypothèses!$B$29,IF(H90<=2000,Hypothèses!$B$23,Hypothèses!$B$24))) | L90: =MAX(Hypothèses!$B$26,CEILING(J90/(K90/1000)*1000,Hypothèses!$B$27)) | M90: =L90*K90/1000000 | N90: =H90/3600/M90 | O90: =IF(N90<=I90,"oui","NON") | P90: =1.3*((L90/1000)*(K90/1000))^0.625/((L90/1000)+(K90/1000))^0.25 | Q90: =N90*P90/Hypothèses!$B$20 | R90: =0.25/(LOG10(Hypothèses!$B$21/(3.7*P90)+5.74/Q90^0.9))^2 | S90: =R90/P90*Hypothèses!$B$19*N90^2/2 | T90: =S90*G90*(1+Hypothèses!$B$22) | V90: =IF(K90<=Hypothèses!$B$28-100,"oui","NON")
A91: CTA 2 | B91: CTA2-S17 | C91: N01 | D91: Faux plafond couloir | E91: Soufflage | F91: HEB01 ch. bariatrique | G91: 1.433 | H91: 90 | I91: =IF(A91="CTA 5",MIN(INDEX(Hypothèses!$C$6:$C$16,MATCH(H91,Hypothèses!$A$6:$A$16,1)),Hypothèses!$B$30),INDEX(Hypothèses!$C$6:$C$16,MATCH(H91,Hypothèses!$A$6:$A$16,1))) | J91: =H91/3600/I91 | K91: =IF(A91="CTA 4",Hypothèses!$B$25,IF(AND(A91="CTA 5",H91>4000),Hypothèses!$B$29,IF(H91<=2000,Hypothèses!$B$23,Hypothèses!$B$24))) | L91: =MAX(Hypothèses!$B$26,CEILING(J91/(K91/1000)*1000,Hypothèses!$B$27)) | M91: =L91*K91/1000000 | N91: =H91/3600/M91 | O91: =IF(N91<=I91,"oui","NON") | P91: =1.3*((L91/1000)*(K91/1000))^0.625/((L91/1000)+(K91/1000))^0.25 | Q91: =N91*P91/Hypothèses!$B$20 | R91: =0.25/(LOG10(Hypothèses!$B$21/(3.7*P91)+5.74/Q91^0.9))^2 | S91: =R91/P91*Hypothèses!$B$19*N91^2/2 | T91: =S91*G91*(1+Hypothèses!$B$22) | V91: =IF(K91<=Hypothèses!$B$28-100,"oui","NON")
A92: CTA 2 | B92: CTA2-S18 | C92: N00 | D92: Faux plafond couloir | E92: Soufflage | G92: 2.45 | H92: 1260 | I92: =IF(A92="CTA 5",MIN(INDEX(Hypothèses!$C$6:$C$16,MATCH(H92,Hypothèses!$A$6:$A$16,1)),Hypothèses!$B$30),INDEX(Hypothèses!$C$6:$C$16,MATCH(H92,Hypothèses!$A$6:$A$16,1))) | J92: =H92/3600/I92 | K92: =IF(A92="CTA 4",Hypothèses!$B$25,IF(AND(A92="CTA 5",H92>4000),Hypothèses!$B$29,IF(H92<=2000,Hypothèses!$B$23,Hypothèses!$B$24))) | L92: =MAX(Hypothèses!$B$26,CEILING(J92/(K92/1000)*1000,Hypothèses!$B$27)) | M92: =L92*K92/1000000 | N92: =H92/3600/M92 | O92: =IF(N92<=I92,"oui","NON") | P92: =1.3*((L92/1000)*(K92/1000))^0.625/((L92/1000)+(K92/1000))^0.25 | Q92: =N92*P92/Hypothèses!$B$20 | R92: =0.25/(LOG10(Hypothèses!$B$21/(3.7*P92)+5.74/Q92^0.9))^2 | S92: =R92/P92*Hypothèses!$B$19*N92^2/2 | T92: =S92*G92*(1+Hypothèses!$B$22) | U92: X | V92: =IF(K92<=Hypothèses!$B$28-100,"oui","NON")
A93: CTA 2 | B93: CTA2-S19 | C93: N00 | D93: Faux plafond couloir | E93: Soufflage | F93: HEB01 ch. bariatrique | G93: 1.3 | H93: 1260 | I93: =IF(A93="CTA 5",MIN(INDEX(Hypothèses!$C$6:$C$16,MATCH(H93,Hypothèses!$A$6:$A$16,1)),Hypothèses!$B$30),INDEX(Hypothèses!$C$6:$C$16,MATCH(H93,Hypothèses!$A$6:$A$16,1))) | J93: =H93/3600/I93 | K93: =IF(A93="CTA 4",Hypothèses!$B$25,IF(AND(A93="CTA 5",H93>4000),Hypothèses!$B$29,IF(H93<=2000,Hypothèses!$B$23,Hypothèses!$B$24))) | L93: =MAX(Hypothèses!$B$26,CEILING(J93/(K93/1000)*1000,Hypothèses!$B$27)) | M93: =L93*K93/1000000 | N93: =H93/3600/M93 | O93: =IF(N93<=I93,"oui","NON") | P93: =1.3*((L93/1000)*(K93/1000))^0.625/((L93/1000)+(K93/1000))^0.25 | Q93: =N93*P93/Hypothèses!$B$20 | R93: =0.25/(LOG10(Hypothèses!$B$21/(3.7*P93)+5.74/Q93^0.9))^2 | S93: =R93/P93*Hypothèses!$B$19*N93^2/2 | T93: =S93*G93*(1+Hypothèses!$B$22) | U93: X | V93: =IF(K93<=Hypothèses!$B$28-100,"oui","NON")
A94: CTA 2 | B94: CTA2-S20 | C94: N00 | D94: Faux plafond couloir | E94: Soufflage | F94: HEB01 chambre | G94: 2.984 | H94: 1170 | I94: =IF(A94="CTA 5",MIN(INDEX(Hypothèses!$C$6:$C$16,MATCH(H94,Hypothèses!$A$6:$A$16,1)),Hypothèses!$B$30),INDEX(Hypothèses!$C$6:$C$16,MATCH(H94,Hypothèses!$A$6:$A$16,1))) | J94: =H94/3600/I94 | K94: =IF(A94="CTA 4",Hypothèses!$B$25,IF(AND(A94="CTA 5",H94>4000),Hypothèses!$B$29,IF(H94<=2000,Hypothèses!$B$23,Hypothèses!$B$24))) | L94: =MAX(Hypothèses!$B$26,CEILING(J94/(K94/1000)*1000,Hypothèses!$B$27)) | M94: =L94*K94/1000000 | N94: =H94/3600/M94 | O94: =IF(N94<=I94,"oui","NON") | P94: =1.3*((L94/1000)*(K94/1000))^0.625/((L94/1000)+(K94/1000))^0.25 | Q94: =N94*P94/Hypothèses!$B$20 | R94: =0.25/(LOG10(Hypothèses!$B$21/(3.7*P94)+5.74/Q94^0.9))^2 | S94: =R94/P94*Hypothèses!$B$19*N94^2/2 | T94: =S94*G94*(1+Hypothèses!$B$22) | U94: X | V94: =IF(K94<=Hypothèses!$B$28-100,"oui","NON")
A95: CTA 2 | B95: CTA2-S21 | C95: N00 | D95: Faux plafond couloir | E95: Soufflage | F95: HEB01 ch. bariatrique | G95: 3.793 | H95: 1080 | I95: =IF(A95="CTA 5",MIN(INDEX(Hypothèses!$C$6:$C$16,MATCH(H95,Hypothèses!$A$6:$A$16,1)),Hypothèses!$B$30),INDEX(Hypothèses!$C$6:$C$16,MATCH(H95,Hypothèses!$A$6:$A$16,1))) | J95: =H95/3600/I95 | K95: =IF(A95="CTA 4",Hypothèses!$B$25,IF(AND(A95="CTA 5",H95>4000),Hypothèses!$B$29,IF(H95<=2000,Hypothèses!$B$23,Hypothèses!$B$24))) | L95: =MAX(Hypothèses!$B$26,CEILING(J95/(K95/1000)*1000,Hypothèses!$B$27)) | M95: =L95*K95/1000000 | N95: =H95/3600/M95 | O95: =IF(N95<=I95,"oui","NON") | P95: =1.3*((L95/1000)*(K95/1000))^0.625/((L95/1000)+(K95/1000))^0.25 | Q95: =N95*P95/Hypothèses!$B$20 | R95: =0.25/(LOG10(Hypothèses!$B$21/(3.7*P95)+5.74/Q95^0.9))^2 | S95: =R95/P95*Hypothèses!$B$19*N95^2/2 | T95: =S95*G95*(1+Hypothèses!$B$22) | U95: X | V95: =IF(K95<=Hypothèses!$B$28-100,"oui","NON")
A96: CTA 2 | B96: CTA2-S22 | C96: N00 | D96: Faux plafond couloir | E96: Soufflage | F96: HEB01 ch. couple | G96: 0.324 | H96: 990 | I96: =IF(A96="CTA 5",MIN(INDEX(Hypothèses!$C$6:$C$16,MATCH(H96,Hypothèses!$A$6:$A$16,1)),Hypothèses!$B$30),INDEX(Hypothèses!$C$6:$C$16,MATCH(H96,Hypothèses!$A$6:$A$16,1))) | J96: =H96/3600/I96 | K96: =IF(A96="CTA 4",Hypothèses!$B$25,IF(AND(A96="CTA 5",H96>4000),Hypothèses!$B$29,IF(H96<=2000,Hypothèses!$B$23,Hypothèses!$B$24))) | L96: =MAX(Hypothèses!$B$26,CEILING(J96/(K96/1000)*1000,Hypothèses!$B$27)) | M96: =L96*K96/1000000 | N96: =H96/3600/M96 | O96: =IF(N96<=I96,"oui","NON") | P96: =1.3*((L96/1000)*(K96/1000))^0.625/((L96/1000)+(K96/1000))^0.25 | Q96: =N96*P96/Hypothèses!$B$20 | R96: =0.25/(LOG10(Hypothèses!$B$21/(3.7*P96)+5.74/Q96^0.9))^2 | S96: =R96/P96*Hypothèses!$B$19*N96^2/2 | T96: =S96*G96*(1+Hypothèses!$B$22) | U96: X | V96: =IF(K96<=Hypothèses!$B$28-100,"oui","NON")
A97: CTA 2 | B97: CTA2-S23 | C97: N00 | D97: Faux plafond couloir | E97: Soufflage | F97: HEB01 ch. couple | G97: 3.727 | H97: 900 | I97: =IF(A97="CTA 5",MIN(INDEX(Hypothèses!$C$6:$C$16,MATCH(H97,Hypothèses!$A$6:$A$16,1)),Hypothèses!$B$30),INDEX(Hypothèses!$C$6:$C$16,MATCH(H97,Hypothèses!$A$6:$A$16,1))) | J97: =H97/3600/I97 | K97: =IF(A97="CTA 4",Hypothèses!$B$25,IF(AND(A97="CTA 5",H97>4000),Hypothèses!$B$29,IF(H97<=2000,Hypothèses!$B$23,Hypothèses!$B$24))) | L97: =MAX(Hypothèses!$B$26,CEILING(J97/(K97/1000)*1000,Hypothèses!$B$27)) | M97: =L97*K97/1000000 | N97: =H97/3600/M97 | O97: =IF(N97<=I97,"oui","NON") | P97: =1.3*((L97/1000)*(K97/1000))^0.625/((L97/1000)+(K97/1000))^0.25 | Q97: =N97*P97/Hypothèses!$B$20 | R97: =0.25/(LOG10(Hypothèses!$B$21/(3.7*P97)+5.74/Q97^0.9))^2 | S97: =R97/P97*Hypothèses!$B$19*N97^2/2 | T97: =S97*G97*(1+Hypothèses!$B$22) | U97: X | V97: =IF(K97<=Hypothèses!$B$28-100,"oui","NON")
A98: CTA 2 | B98: CTA2-S24 | C98: N00 | D98: Faux plafond couloir | E98: Soufflage | F98: HEB01 chambre | G98: 0.442 | H98: 810 | I98: =IF(A98="CTA 5",MIN(INDEX(Hypothèses!$C$6:$C$16,MATCH(H98,Hypothèses!$A$6:$A$16,1)),Hypothèses!$B$30),INDEX(Hypothèses!$C$6:$C$16,MATCH(H98,Hypothèses!$A$6:$A$16,1))) | J98: =H98/3600/I98 | K98: =IF(A98="CTA 4",Hypothèses!$B$25,IF(AND(A98="CTA 5",H98>4000),Hypothèses!$B$29,IF(H98<=2000,Hypothèses!$B$23,Hypothèses!$B$24))) | L98: =MAX(Hypothèses!$B$26,CEILING(J98/(K98/1000)*1000,Hypothèses!$B$27)) | M98: =L98*K98/1000000 | N98: =H98/3600/M98 | O98: =IF(N98<=I98,"oui","NON") | P98: =1.3*((L98/1000)*(K98/1000))^0.625/((L98/1000)+(K98/1000))^0.25 | Q98: =N98*P98/Hypothèses!$B$20 | R98: =0.25/(LOG10(Hypothèses!$B$21/(3.7*P98)+5.74/Q98^0.9))^2 | S98: =R98/P98*Hypothèses!$B$19*N98^2/2 | T98: =S98*G98*(1+Hypothèses!$B$22) | U98: X | V98: =IF(K98<=Hypothèses!$B$28-100,"oui","NON")
A99: CTA 2 | B99: CTA2-S25 | C99: N00 | D99: Faux plafond couloir | E99: Soufflage | F99: HEB01 chambre | G99: 3.759 | H99: 810 | I99: =IF(A99="CTA 5",MIN(INDEX(Hypothèses!$C$6:$C$16,MATCH(H99,Hypothèses!$A$6:$A$16,1)),Hypothèses!$B$30),INDEX(Hypothèses!$C$6:$C$16,MATCH(H99,Hypothèses!$A$6:$A$16,1))) | J99: =H99/3600/I99 | K99: =IF(A99="CTA 4",Hypothèses!$B$25,IF(AND(A99="CTA 5",H99>4000),Hypothèses!$B$29,IF(H99<=2000,Hypothèses!$B$23,Hypothèses!$B$24))) | L99: =MAX(Hypothèses!$B$26,CEILING(J99/(K99/1000)*1000,Hypothèses!$B$27)) | M99: =L99*K99/1000000 | N99: =H99/3600/M99 | O99: =IF(N99<=I99,"oui","NON") | P99: =1.3*((L99/1000)*(K99/1000))^0.625/((L99/1000)+(K99/1000))^0.25 | Q99: =N99*P99/Hypothèses!$B$20 | R99: =0.25/(LOG10(Hypothèses!$B$21/(3.7*P99)+5.74/Q99^0.9))^2 | S99: =R99/P99*Hypothèses!$B$19*N99^2/2 | T99: =S99*G99*(1+Hypothèses!$B$22) | U99: X | V99: =IF(K99<=Hypothèses!$B$28-100,"oui","NON")
A100: CTA 2 | B100: CTA2-S26 | C100: N00 | D100: Faux plafond couloir | E100: Soufflage | F100: HEB01 ch. couple | G100: 0.201 | H100: 720 | I100: =IF(A100="CTA 5",MIN(INDEX(Hypothèses!$C$6:$C$16,MATCH(H100,Hypothèses!$A$6:$A$16,1)),Hypothèses!$B$30),INDEX(Hypothèses!$C$6:$C$16,MATCH(H100,Hypothèses!$A$6:$A$16,1))) | J100: =H100/3600/I100 | K100: =IF(A100="CTA 4",Hypothèses!$B$25,IF(AND(A100="CTA 5",H100>4000),Hypothèses!$B$29,IF(H100<=2000,Hypothèses!$B$23,Hypothèses!$B$24))) | L100: =MAX(Hypothèses!$B$26,CEILING(J100/(K100/1000)*1000,Hypothèses!$B$27)) | M100: =L100*K100/1000000 | N100: =H100/3600/M100 | O100: =IF(N100<=I100,"oui","NON") | P100: =1.3*((L100/1000)*(K100/1000))^0.625/((L100/1000)+(K100/1000))^0.25 | Q100: =N100*P100/Hypothèses!$B$20 | R100: =0.25/(LOG10(Hypothèses!$B$21/(3.7*P100)+5.74/Q100^0.9))^2 | S100: =R100/P100*Hypothèses!$B$19*N100^2/2 | T100: =S100*G100*(1+Hypothèses!$B$22) | U100: X | V100: =IF(K100<=Hypothèses!$B$28-100,"oui","NON")
A101: CTA 2 | B101: CTA2-S27 | C101: N00 | D101: Faux plafond couloir | E101: Soufflage | F101: HEB01 ch. couple | G101: 3.776 | H101: 630 | I101: =IF(A101="CTA 5",MIN(INDEX(Hypothèses!$C$6:$C$16,MATCH(H101,Hypothèses!$A$6:$A$16,1)),Hypothèses!$B$30),INDEX(Hypothèses!$C$6:$C$16,MATCH(H101,Hypothèses!$A$6:$A$16,1))) | J101: =H101/3600/I101 | K101: =IF(A101="CTA 4",Hypothèses!$B$25,IF(AND(A101="CTA 5",H101>4000),Hypothèses!$B$29,IF(H101<=2000,Hypothèses!$B$23,Hypothèses!$B$24))) | L101: =MAX(Hypothèses!$B$26,CEILING(J101/(K101/1000)*1000,Hypothèses!$B$27)) | M101: =L101*K101/1000000 | N101: =H101/3600/M101 | O101: =IF(N101<=I101,"oui","NON") | P101: =1.3*((L101/1000)*(K101/1000))^0.625/((L101/1000)+(K101/1000))^0.25 | Q101: =N101*P101/Hypothèses!$B$20 | R101: =0.25/(LOG10(Hypothèses!$B$21/(3.7*P101)+5.74/Q101^0.9))^2 | S101: =R101/P101*Hypothèses!$B$19*N101^2/2 | T101: =S101*G101*(1+Hypothèses!$B$22) | U101: X | V101: =IF(K101<=Hypothèses!$B$28-100,"oui","NON")
A102: CTA 2 | B102: CTA2-S28 | C102: N00 | D102: Faux plafond couloir | E102: Soufflage | F102: HEB01 chambre | G102: 0.5 | H102: 450 | I102: =IF(A102="CTA 5",MIN(INDEX(Hypothèses!$C$6:$C$16,MATCH(H102,Hypothèses!$A$6:$A$16,1)),Hypothèses!$B$30),INDEX(Hypothèses!$C$6:$C$16,MATCH(H102,Hypothèses!$A$6:$A$16,1))) | J102: =H102/3600/I102 | K102: =IF(A102="CTA 4",Hypothèses!$B$25,IF(AND(A102="CTA 5",H102>4000),Hypothèses!$B$29,IF(H102<=2000,Hypothèses!$B$23,Hypothèses!$B$24))) | L102: =MAX(Hypothèses!$B$26,CEILING(J102/(K102/1000)*1000,Hypothèses!$B$27)) | M102: =L102*K102/1000000 | N102: =H102/3600/M102 | O102: =IF(N102<=I102,"oui","NON") | P102: =1.3*((L102/1000)*(K102/1000))^0.625/((L102/1000)+(K102/1000))^0.25 | Q102: =N102*P102/Hypothèses!$B$20 | R102: =0.25/(LOG10(Hypothèses!$B$21/(3.7*P102)+5.74/Q102^0.9))^2 | S102: =R102/P102*Hypothèses!$B$19*N102^2/2 | T102: =S102*G102*(1+Hypothèses!$B$22) | U102: X | V102: =IF(K102<=Hypothèses!$B$28-100,"oui","NON")
A103: CTA 2 | B103: CTA2-S29 | C103: N00 | D103: Faux plafond couloir | E103: Soufflage | F103: HEB01 ch. bariatrique | G103: 4.028 | H103: 450 | I103: =IF(A103="CTA 5",MIN(INDEX(Hypothèses!$C$6:$C$16,MATCH(H103,Hypothèses!$A$6:$A$16,1)),Hypothèses!$B$30),INDEX(Hypothèses!$C$6:$C$16,MATCH(H103,Hypothèses!$A$6:$A$16,1))) | J103: =H103/3600/I103 | K103: =IF(A103="CTA 4",Hypothèses!$B$25,IF(AND(A103="CTA 5",H103>4000),Hypothèses!$B$29,IF(H103<=2000,Hypothèses!$B$23,Hypothèses!$B$24))) | L103: =MAX(Hypothèses!$B$26,CEILING(J103/(K103/1000)*1000,Hypothèses!$B$27)) | M103: =L103*K103/1000000 | N103: =H103/3600/M103 | O103: =IF(N103<=I103,"oui","NON") | P103: =1.3*((L103/1000)*(K103/1000))^0.625/((L103/1000)+(K103/1000))^0.25 | Q103: =N103*P103/Hypothèses!$B$20 | R103: =0.25/(LOG10(Hypothèses!$B$21/(3.7*P103)+5.74/Q103^0.9))^2 | S103: =R103/P103*Hypothèses!$B$19*N103^2/2 | T103: =S103*G103*(1+Hypothèses!$B$22) | U103: X | V103: =IF(K103<=Hypothèses!$B$28-100,"oui","NON")
A104: CTA 2 | B104: CTA2-S30 | C104: N00 | D104: Faux plafond couloir | E104: Soufflage | F104: HEB01 chambre | G104: 2.376 | H104: 360 | I104: =IF(A104="CTA 5",MIN(INDEX(Hypothèses!$C$6:$C$16,MATCH(H104,Hypothèses!$A$6:$A$16,1)),Hypothèses!$B$30),INDEX(Hypothèses!$C$6:$C$16,MATCH(H104,Hypothèses!$A$6:$A$16,1))) | J104: =H104/3600/I104 | K104: =IF(A104="CTA 4",Hypothèses!$B$25,IF(AND(A104="CTA 5",H104>4000),Hypothèses!$B$29,IF(H104<=2000,Hypothèses!$B$23,Hypothèses!$B$24))) | L104: =MAX(Hypothèses!$B$26,CEILING(J104/(K104/1000)*1000,Hypothèses!$B$27)) | M104: =L104*K104/1000000 | N104: =H104/3600/M104 | O104: =IF(N104<=I104,"oui","NON") | P104: =1.3*((L104/1000)*(K104/1000))^0.625/((L104/1000)+(K104/1000))^0.25 | Q104: =N104*P104/Hypothèses!$B$20 | R104: =0.25/(LOG10(Hypothèses!$B$21/(3.7*P104)+5.74/Q104^0.9))^2 | S104: =R104/P104*Hypothèses!$B$19*N104^2/2 | T104: =S104*G104*(1+Hypothèses!$B$22) | U104: X | V104: =IF(K104<=Hypothèses!$B$28-100,"oui","NON")
... A106: CTA 2 | B106: CTA2-S32 | C106: N00 | D106: Faux plafond couloir | E106: Soufflage | F106: HEB01 chambre | G106: 2.357 | H106: 90 | I106: =IF(A106="CTA 5",MIN(INDEX(Hypothèses!$C$6:$C$16,MATCH(H106,Hypothèses!$A$6:$A$16,1)),Hypothèses!$B$30),INDEX(Hypothèses!$C$6:$C$16,MATCH(H106,Hypothèses!$A$6:$A$16,1))) | J106: =H106/3600/I106 | K106: =IF(A106="CTA 4",Hypothèses!$B$25,IF(AND(A106="CTA 5",H106>4000),Hypothèses!$B$29,IF(H106<=2000,Hypothèses!$B$23,Hypothèses!$B$24))) | L106: =MAX(Hypothèses!$B$26,CEILING(J106/(K106/1000)*1000,Hypothèses!$B$27)) | M106: =L106*K106/1000000 | N106: =H106/3600/M106 | O106: =IF(N106<=I106,"oui","NON") | P106: =1.3*((L106/1000)*(K106/1000))^0.625/((L106/1000)+(K106/1000))^0.25 | Q106: =N106*P106/Hypothèses!$B$20 | R106: =0.25/(LOG10(Hypothèses!$B$21/(3.7*P106)+5.74/Q106^0.9))^2 | S106: =R106/P106*Hypothèses!$B$19*N106^2/2 | T106: =S106*G106*(1+Hypothèses!$B$22) | U106: X | V106: =IF(K106<=Hypothèses!$B$28-100,"oui","NON")
...

Sheet Réseaux VMC
A1: Réseaux VMC simple flux (CCTP lot 12 § 4.12) – gaines principales
A2: En bleu : données de la maquette (débit, section dessinée). Vitesse maxi : tableau de l'onglet Hypothèses (CCTP § 2.2.5). Gaines rondes : Ø315 au raccord du caisson.
A4: Réseau | B4: Niveau | C4: Type | D4: Tronçon | E4: Longueur (m) | F4: Débit (m³/h) | G4: Largeur L ou Ø (mm) | H4: Hauteur H (mm, 0 = rond) | I4: Section (m²) | J4: Vitesse (m/s) | K4: Vitesse maxi CCTP (m/s) | L4: Vitesse OK ?
A5: VMC 1 | B5: RDC | C5: Montée | D5: montée VMC RDC → étage | E5: 3.36 | F5: 1140 | G5: 400 | H5: 250 | I5: =IF(H5=0,PI()*(G5/1000)^2/4,G5*H5/1000000) | J5: =F5/3600/I5 | K5: =INDEX(Hypothèses!$C$6:$C$16,MATCH(F5,Hypothèses!$A$6:$A$16,1)) | L5: =IF(J5<=K5,"oui","NON")
A6: VMC 1 | B6: R+1 | C6: Montée | D6: montée VMC étage → toiture | E6: 1.18 | F6: 1785 | G6: 400 | H6: 250 | I6: =IF(H6=0,PI()*(G6/1000)^2/4,G6*H6/1000000) | J6: =F6/3600/I6 | K6: =INDEX(Hypothèses!$C$6:$C$16,MATCH(F6,Hypothèses!$A$6:$A$16,1)) | L6: =IF(J6<=K6,"oui","NON")
A7: VMC 1 | B7: Toiture | C7: Toiture | D7: toiture → caisson | E7: 1.34 | F7: 1785 | G7: 400 | H7: 250 | I7: =IF(H7=0,PI()*(G7/1000)^2/4,G7*H7/1000000) | J7: =F7/3600/I7 | K7: =INDEX(Hypothèses!$C$6:$C$16,MATCH(F7,Hypothèses!$A$6:$A$16,1)) | L7: =IF(J7<=K7,"oui","NON")
A8: VMC 1 | B8: Toiture | C8: Raccord caisson | D8: raccord caisson Ø315 | E8: 0.5 | F8: 1785 | G8: 315 | H8: 0 | I8: =IF(H8=0,PI()*(G8/1000)^2/4,G8*H8/1000000) | J8: =F8/3600/I8 | K8: =INDEX(Hypothèses!$C$6:$C$16,MATCH(F8,Hypothèses!$A$6:$A$16,1)) | L8: =IF(J8<=K8,"oui","NON")
A9: VMC 1 | B9: RDC | C9: Collecteur | D9: N00 collecteur nord | E9: 3.3 | F9: 1140 | G9: 400 | H9: 250 | I9: =IF(H9=0,PI()*(G9/1000)^2/4,G9*H9/1000000) | J9: =F9/3600/I9 | K9: =INDEX(Hypothèses!$C$6:$C$16,MATCH(F9,Hypothèses!$A$6:$A$16,1)) | L9: =IF(J9<=K9,"oui","NON")
A10: VMC 1 | B10: RDC | C10: Collecteur | D10: N00 collecteur | E10: 8.2 | F10: 1140 | G10: 400 | H10: 250 | I10: =IF(H10=0,PI()*(G10/1000)^2/4,G10*H10/1000000) | J10: =F10/3600/I10 | K10: =INDEX(Hypothèses!$C$6:$C$16,MATCH(F10,Hypothèses!$A$6:$A$16,1)) | L10: =IF(J10<=K10,"oui","NON")
A11: VMC 1 | B11: RDC | C11: Collecteur | D11: N00 collecteur sud | E11: 9 | F11: 750 | G11: 350 | H11: 150 | I11: =IF(H11=0,PI()*(G11/1000)^2/4,G11*H11/1000000) | J11: =F11/3600/I11 | K11: =INDEX(Hypothèses!$C$6:$C$16,MATCH(F11,Hypothèses!$A$6:$A$16,1)) | L11: =IF(J11<=K11,"oui","NON")
A12: VMC 1 | B12: R+1 | C12: Collecteur | D12: N01 collecteur nord | E12: 3.3 | F12: 645 | G12: 300 | H12: 150 | I12: =IF(H12=0,PI()*(G12/1000)^2/4,G12*H12/1000000) | J12: =F12/3600/I12 | K12: =INDEX(Hypothèses!$C$6:$C$16,MATCH(F12,Hypothèses!$A$6:$A$16,1)) | L12: =IF(J12<=K12,"oui","NON")
A13: VMC 1 | B13: R+1 | C13: Collecteur | D13: N01 collecteur | E13: 11.8 | F13: 645 | G13: 300 | H13: 150 | I13: =IF(H13=0,PI()*(G13/1000)^2/4,G13*H13/1000000) | J13: =F13/3600/I13 | K13: =INDEX(Hypothèses!$C$6:$C$16,MATCH(F13,Hypothèses!$A$6:$A$16,1)) | L13: =IF(J13<=K13,"oui","NON")
A14: VMC 2 | B14: RDC | C14: Montée | D14: montée VMC N00 → toiture | E14: 4.54 | F14: 315 | G14: 200 | H14: 150 | I14: =IF(H14=0,PI()*(G14/1000)^2/4,G14*H14/1000000) | J14: =F14/3600/I14 | K14: =INDEX(Hypothèses!$C$6:$C$16,MATCH(F14,Hypothèses!$A$6:$A$16,1)) | L14: =IF(J14<=K14,"oui","NON")
A15: VMC 2 | B15: Toiture | C15: Toiture | D15: toiture → caisson | E15: 3.1 | F15: 315 | G15: 200 | H15: 150 | I15: =IF(H15=0,PI()*(G15/1000)^2/4,G15*H15/1000000) | J15: =F15/3600/I15 | K15: =INDEX(Hypothèses!$C$6:$C$16,MATCH(F15,Hypothèses!$A$6:$A$16,1)) | L15: =IF(J15<=K15,"oui","NON")
A16: VMC 2 | B16: Toiture | C16: Toiture | D16: toiture → caisson | E16: 5.62 | F16: 315 | G16: 200 | H16: 150 | I16: =IF(H16=0,PI()*(G16/1000)^2/4,G16*H16/1000000) | J16: =F16/3600/I16 | K16: =INDEX(Hypothèses!$C$6:$C$16,MATCH(F16,Hypothèses!$A$6:$A$16,1)) | L16: =IF(J16<=K16,"oui","NON")
... A50: VMC 6 | B50: Toiture | C50: Raccord caisson | D50: raccord caisson Ø315 | E50: 0.5 | F50: 45 | G50: 315 | H50: 0 | I50: =IF(H50=0,PI()*(G50/1000)^2/4,G50*H50/1000000) | J50: =F50/3600/I50 | K50: =INDEX(Hypothèses!$C$6:$C$16,MATCH(F50,Hypothèses!$A$6:$A$16,1)) | L50: =IF(J50<=K50,"oui","NON")
A52: Synthèse par caisson
A53: Caisson | B53: Zone desservie | C53: Débit (m³/h) | D53: Nb de bouches | E53: Vitesse maxi dans le réseau (m/s) | F53: Tronçons hors vitesse
A54: VMC 1 | B54: Nord : offices, tisanerie, sanitaires, lingerie, ménage | C54: =SUMIFS($F$5:$F$50,$A$5:$A$50,A54,$C$5:$C$50,"Raccord caisson") | D54: 20 | E54: =_xlfn.MAXIFS($J$5:$J$50,$A$5:$A$50,A54) | F54: =COUNTIFS($A$5:$A$50,A54,$L$5:$L$50,"NON")
A55: VMC 2 | B55: Ouest RDC : vestiaires, douches, WC, ménage | C55: =SUMIFS($F$5:$F$50,$A$5:$A$50,A55,$C$5:$C$50,"Raccord caisson") | D55: 8 | E55: =_xlfn.MAXIFS($J$5:$J$50,$A$5:$A$50,A55) | F55: =COUNTIFS($A$5:$A$50,A55,$L$5:$L$50,"NON")
A56: VMC 3 | B56: Centre ouest : déchets, san., ménage, lingerie | C56: =SUMIFS($F$5:$F$50,$A$5:$A$50,A56,$C$5:$C$50,"Raccord caisson") | D56: 7 | E56: =_xlfn.MAXIFS($J$5:$J$50,$A$5:$A$50,A56) | F56: =COUNTIFS($A$5:$A$50,A56,$L$5:$L$50,"NON")
A57: VMC 4 | B57: Centre est : office R+1, san., WC résidents, ménage RDC | C57: =SUMIFS($F$5:$F$50,$A$5:$A$50,A57,$C$5:$C$50,"Raccord caisson") | D57: 8 | E57: =_xlfn.MAXIFS($J$5:$J$50,$A$5:$A$50,A57) | F57: =COUNTIFS($A$5:$A$50,A57,$L$5:$L$50,"NON")
A58: VMC 5 | B58: Sud RDC : local déchets, nettoyage matériel | C58: =SUMIFS($F$5:$F$50,$A$5:$A$50,A58,$C$5:$C$50,"Raccord caisson") | D58: 2 | E58: =_xlfn.MAXIFS($J$5:$J$50,$A$5:$A$50,A58) | F58: =COUNTIFS($A$5:$A$50,A58,$L$5:$L$50,"NON")
A59: VMC 6 | B59: San. R+1 aile est | C59: =SUMIFS($F$5:$F$50,$A$5:$A$50,A59,$C$5:$C$50,"Raccord caisson") | D59: 1 | E59: =_xlfn.MAXIFS($J$5:$J$50,$A$5:$A$50,A59) | F59: =COUNTIFS($A$5:$A$50,A59,$L$5:$L$50,"NON")
A61: • 6 caissons C4 en toiture (VMC 5 sur la terrasse basse du RDC). Rejets à plus de 8 m des prises d'air neuf des CTA.
A62: • Gaines rigides partout (pas de flexible) ; antennes 200 × 60 jusqu'aux bouches ALYZE S (non listées ici).
A63: • Débit total extrait : 3 090 m³/h pour 46 bouches. Compensation : grilles de transfert pour offices et tisanerie (450 m³/h), détalonnage ailleurs.

Sheet Branches 27-10
A1: Branches ajoutées le 27/10/2026 pour raccorder les 31 dernières bouches
A2: Gaines plates de 60 mm de haut : seule hauteur qui passe au-dessus des troncs CTA 5 dans le plénum (0,57 m sous dalle). Vitesse maxi : onglet « Hypothèses » (CCTP § 2.2.5).
A4: CTA | B4: Réseau | C4: Niveau | D4: Tronçon | E4: Débit (m³/h) | F4: Largeur (mm) | G4: Hauteur (mm) | H4: Section (m²) | I4: Vitesse (m/s) | J4: Vitesse maxi CCTP (m/s) | K4: Conforme ?
A5: CTA 5 | B5: Soufflage | C5: RDC | D5: Famille (B344) — 400 × 60 depuis le 28/10 (montée de 1 m restée en 300 × 60) | E5: 234 | F5: 400 | G5: 60 | H5: =F5*G5/1000000 | I5: =ROUND(E5/3600/H5,2) | J5: =LOOKUP(E5,Hypothèses!$A$6:$A$16,Hypothèses!$C$6:$C$16) | K5: =IF(I5<=J5,"oui","NON")
A6: CTA 5 | B6: Soufflage | C6: RDC | D6: Atelier (B386) | E6: 90 | F6: 200 | G6: 60 | H6: =F6*G6/1000000 | I6: =ROUND(E6/3600/H6,2) | J6: =LOOKUP(E6,Hypothèses!$A$6:$A$16,Hypothèses!$C$6:$C$16) | K6: =IF(I6<=J6,"oui","NON")
A7: CTA 5 | B7: Soufflage | C7: RDC | D7: Bureau mutualisé (B335) | E7: 50 | F7: 200 | G7: 60 | H7: =F7*G7/1000000 | I7: =ROUND(E7/3600/H7,2) | J7: =LOOKUP(E7,Hypothèses!$A$6:$A$16,Hypothèses!$C$6:$C$16) | K7: =IF(I7<=J7,"oui","NON")
A8: CTA 5 | B8: Reprise | C8: RDC | D8: Accueil (B355) | E8: 50 | F8: 200 | G8: 60 | H8: =F8*G8/1000000 | I8: =ROUND(E8/3600/H8,2) | J8: =LOOKUP(E8,Hypothèses!$A$6:$A$16,Hypothèses!$C$6:$C$16) | K8: =IF(I8<=J8,"oui","NON")
A9: CTA 5 | B9: Reprise | C9: RDC | D9: Aile nord RDC (B395, B401) — 350 × 60 depuis le 28/10 (2,7 m restés en 300 × 60 avant B395) | E9: 198 | F9: 350 | G9: 60 | H9: =F9*G9/1000000 | I9: =ROUND(E9/3600/H9,2) | J9: =LOOKUP(E9,Hypothèses!$A$6:$A$16,Hypothèses!$C$6:$C$16) | K9: =IF(I9<=J9,"oui","NON")
A10: CTA 5 | B10: Soufflage | C10: Étage | D10: Salons ouest (B371, B372) | E10: 726 | F10: 1000 | G10: 60 | H10: =F10*G10/1000000 | I10: =ROUND(E10/3600/H10,2) | J10: =LOOKUP(E10,Hypothèses!$A$6:$A$16,Hypothèses!$C$6:$C$16) | K10: =IF(I10<=J10,"oui","NON")
A11: CTA 5 | B11: Soufflage | C11: Étage | D11: Salon est (B406) | E11: 352 | F11: 650 | G11: 60 | H11: =F11*G11/1000000 | I11: =ROUND(E11/3600/H11,2) | J11: =LOOKUP(E11,Hypothèses!$A$6:$A$16,Hypothèses!$C$6:$C$16) | K11: =IF(I11<=J11,"oui","NON")
A12: CTA 5 | B12: Reprise | C12: Étage | D12: Aile nord étage, jusqu'à B402 — 800 × 60 depuis le 28/10 | E12: 548 | F12: 800 | G12: 60 | H12: =F12*G12/1000000 | I12: =ROUND(E12/3600/H12,2) | J12: =LOOKUP(E12,Hypothèses!$A$6:$A$16,Hypothèses!$C$6:$C$16) | K12: =IF(I12<=J12,"oui","NON")
A13: CTA 5 | B13: Reprise | C13: Étage | D13: Aile nord, entre B402 et B403 (B403 + B405) | E13: 328 | F13: 600 | G13: 60 | H13: =F13*G13/1000000 | I13: =ROUND(E13/3600/H13,2) | J13: =LOOKUP(E13,Hypothèses!$A$6:$A$16,Hypothèses!$C$6:$C$16) | K13: =IF(I13<=J13,"oui","NON")
A14: CTA 5 | B14: Reprise | C14: Étage | D14: Couloir vers la détente (B405) | E14: 108 | F14: 600 | G14: 60 | H14: =F14*G14/1000000 | I14: =ROUND(E14/3600/H14,2) | J14: =LOOKUP(E14,Hypothèses!$A$6:$A$16,Hypothèses!$C$6:$C$16) | K14: =IF(I14<=J14,"oui","NON")
A15: CTA 5 | B15: Soufflage | C15: Étage | D15: Détente (B404) | E15: 108 | F15: 250 | G15: 60 | H15: =F15*G15/1000000 | I15: =ROUND(E15/3600/H15,2) | J15: =LOOKUP(E15,Hypothèses!$A$6:$A$16,Hypothèses!$C$6:$C$16) | K15: =IF(I15<=J15,"oui","NON")
A16: CTA 2 | B16: Reprise | C16: Étage | D16: Sdb (B369) | E16: 90 | F16: 200 | G16: 60 | H16: =F16*G16/1000000 | I16: =ROUND(E16/3600/H16,2) | J16: =LOOKUP(E16,Hypothèses!$A$6:$A$16,Hypothèses!$C$6:$C$16) | K16: =IF(I16<=J16,"oui","NON")
... A18: CTA 3 | B18: Soufflage | C18: Étage | D18: Chambre, bouche murale (B398) | E18: 90 | F18: 200 | G18: 60 | H18: =F18*G18/1000000 | I18: =ROUND(E18/3600/H18,2) | J18: =LOOKUP(E18,Hypothèses!$A$6:$A$16,Hypothèses!$C$6:$C$16) | K18: =IF(I18<=J18,"oui","NON")
A20: Corrigé le 28/10 : famille 400 × 60, aile nord RDC 350 × 60, aile nord étage 800 × 60 jusqu'à B402 (avec réductions). Restent au-dessus de la vitesse CCTP : 1 m de montée famille (300 × 60, 3,6 m/s) et 2,7 m avant B395 (300 × 60, 3,1 m/s).
